claim_id,article_section,claim,source_ids,evidence_type,allowed_inference,audit_status
C001,1.1,"Published reviews cover Artemisia essential oils, sesquiterpene lactones, edible species, and genus-wide phytochemistry",artemisia-essential-oils-review; artemisia-essential-oils-review-2017; artemisia-stl-analysis-review; edible-artemisia-stl-review; artemisia-phytochemistry-toxicology-review-2024; annua-historical-antimalarial-review-1990,review_synthesis,establishes review precedent and scope; does not establish exhaustive coverage,verified
C002,2.1,"A. annua seed material yielded monoterpene, sesquiterpene, and diterpene constituents",annua-seed-terpenoids,primary_isolation,establishes a specimen-bounded multi-class record; does not define a species-wide repertoire,verified
C003,2.1,"OSC2 and CYP716A14v2 are linked to aerial-organ triterpenoid biosynthesis in A. annua",annua-triterpene-cuticle,enzyme_and_tissue,establishes a gene/function and tissue-context anchor in A. annua; does not imply antiparasitic activity,verified
C004,3,"ADS and CYP71AV1 provide experimentally supported anchors in the A. annua artemisinin pathway",annua-ads-primary; annua-cyp71av1-primary; annua-early-artemisinin,enzyme_and_pathway,establishes step-level pathway evidence in the reference species; does not transfer function by sequence name,verified
C005,4,"A. annua terpene composition changes with genotype and developmental stage",annua-vegetation-vietnam; annua-genotype-metabolic-profile,chemotype_phenology,establishes context-dependent variation in sampled material; does not yield a universal stage profile,verified
C006,5,"A. argyi TPS and ADS-related observations require common-annotation and orthology-aware reconciliation",argyi-genome; argyi-ads-comparison,comparative_genomics,establishes a reconciliation requirement and published comparison context; does not settle copy number or orthology,verified
C007,5,"The completed computational comparison contains candidate homology and exploratory tree diagnostics, not genome-wide orthology",annua-genome; argyi-genome,analysis_provenance,establishes the current evidence boundary; no orthology or duplication/loss claim is permitted,verified
C008,6,"A. annua leaf oil has shown Leishmania activity in in-vitro and in-vivo models",annua-leishmania,mixture_parasite_assay,establishes preparation-specific oil activity under reported models; does not identify a causal terpene or clinical efficacy,verified
C009,6,"Purified helenalin, mexicanin, and dehydroleucodine show low-micromolar activity against L. mexicana promastigotes",stl-leishmania-mexicana,purified_compound_assay,establishes compound-level activity and assay scope; does not generalize to oils or other parasite stages,verified
C010,6,"Ridentin from A. gorgonum showed selective P. falciparum activity relative to Vero-cell cytotoxicity",gorgonum-antiplasmodial,purified_compound_assay,establishes one compound/species/selectivity observation; does not support genus-wide efficacy,verified
C011,7,"Thujone exposure limits and malaria treatment guidance are preparation- and product-specific",ema-absinthium; who-malaria-treatment,safety_authority,"establishes regulatory and clinical boundaries; does not certify arbitrary Artemisia oils, teas, or extracts",verified
C012,8,"Secretory-tissue expression paired with metabolomics and fractionated assays is a testable route to connect genes, chemistry, and antiparasitic phenotype",annua-chemotype-metabolomics; annua-uvb-transcriptome; artemisia-antimalarial-phylogeny,research_hypothesis,"hypothesis and experimental design only; not an observed causal relationship",verified
C013,6.1,"Artemisinin action in P. falciparum is supported by multiple protein and macromolecular-complex interactions rather than one established universal receptor",artemisinin-promiscuous-targeting; artemisinin-pfpi3k; artemisinin-proteasome; artemisinin-photoaffinity-targets; artemisinin-pftctp-direct; artemisinin-pfrack1-ribosome; artemisinin-pfatp6,target_mechanism_synthesis,"supports a multi-target activation- and stage-dependent model; does not establish that every reported association is direct or equally causal",verified
C014,2-3,"A. annua terpene diversity reflects multi-product synthases, downstream redox enzymes, precursor competition, and tissue-localized regulation",annua-epicedrol-synthase; annua-monoterpene-adh; annua-caryophyllene-downregulation; annua-enzyme-localization,enzyme_and_perturbation_synthesis,"supports a network model in A. annua; does not define every native product or transfer function to other species",verified
C015,4,"Artemisia chemotypes are multivariate and depend on genotype, population, season, tissue, treatment, and processing",annua-geographic-chemotypes; annua-seasonal-sesquiterpenes; herba-alba-genetic-chemotype; annua-tissue-terpene-expression; annua-drying-chemistry,comparative_chemistry_synthesis,"supports stratified specimen-level analysis; does not imply that every covariate acts in every species",verified
C016,4.1-5,"A. argyi genomic predictions are strengthened by tissue, temporal, and single-cell multi-omics but still require common annotation and enzyme validation",argyi-genome; argyi-tissue-terpenoids; argyi-temporal-terpenoids; argyi-single-cell-trichomes,genomics_and_multiomics_synthesis,"supports candidate prioritization and tissue context; does not establish orthology catalytic function or flux",verified
C017,6,"Antiparasitic findings span defined compounds, oils, extracts, and whole-leaf preparations that must remain analytically separate",dehydroleucodine-trypanosoma; annua-haemonchus-gerbil; lancea-haemonchus-oil; annua-leaf-powder-leishmania; afra-annua-resistant-plasmodium,cross_preparation_parasite_synthesis,"supports preparation-aware comparison; does not permit pooling or clinical efficacy inference",verified
C018,6.2,"Artemisinin and malaria should be the primary validated artemisinin-pathway case study, while whole-plant resistance observations remain preclinical",annua-artemisinin-genetic-map; annua-whole-plant-resistance; artemisinin-promiscuous-targeting; who-malaria-treatment,malaria_translation_synthesis,"supports defined artemisinin biology and rodent resistance hypotheses; does not support unstandardized whole-plant treatment in humans",verified
C019,6.3,"A. absinthium has preparation- and nematode-specific vermifuge evidence spanning extracts, essential oils, dried plant material, and recent sheep trials",absinthium-ovine-nematodes; absinthium-selective-nematocidal-oils; absinthium-wormwood-lambs; absinthium-swine-parasites; absinthium-awassi-nematodes,anthelmintic_evidence_synthesis,"supports veterinary anthelmintic prioritization and testable chemistry hypotheses; does not establish human vermifuge efficacy or a causal terpene",verified
C020,6.2,"Matched A. annua mutant extracts support artemisinin as the dominant in-vitro antiplasmodial driver in the tested whole-leaf system",annua-whole-leaf-flavonoid,mutant_chemistry_and_parasite_assay,"supports a system-specific causal comparator; does not exclude matrix effects in other cultivars, preparations, or parasite strains",verified
C021,6.2,"Controlled LED spectra can jointly change A. annua terpenoid profiles and apparent P. falciparum potency",annua-led-antimalarial,environmental_chemotype_parasite_assay,"supports an environment-chemotype-phenotype relationship; does not identify a causal terpene or establish clinical efficacy",verified
C022,6.3,"A. absinthium yields preparation-level schistosomicidal and formulated-oil antileishmanial signals in addition to ovine nematode evidence",absinthium-schistosoma; absinthium-nanocochleate-leishmania,expanded_wormwood_parasite_synthesis,"supports chemically tractable follow-up and formulation-aware testing; does not establish human vermifuge efficacy or single-compound causality",verified
C023,6.2-6.3,"The focused malaria and wormwood evidence anchors remain preparation-, parasite-stage-, and host-model-specific and should not be pooled as a common effect estimate",annua-whole-leaf-flavonoid; annua-led-antimalarial; annua-whole-plant-resistance; absinthium-ovine-nematodes; absinthium-selective-nematocidal-oils; absinthium-wormwood-lambs; absinthium-schistosoma; absinthium-nanocochleate-leishmania,focused_antiparasitic_evidence_table,"supports a structured comparison and testable follow-up; does not establish a genus-wide effect, causal terpene, or clinical efficacy",verified
C024,6.2,"Artemisia matrix and host-pharmacokinetic effects can be stage- and model-dependent in malaria experiments",annua-extract-pk-synergy-2026; annua-chrysosplenetin-resistance-2025,antimalarial_matrix_and_host_pk,"supports a matrix/PK hypothesis and targeted follow-up; does not establish a terpene mechanism, direct parasite-protein target, or clinical efficacy",verified
C025,6.3,"A. absinthium tincture appears in a comparative multi-plant nematode screen",absinthium-european-tinctures-2025,multi_plant_helminth_screen,"supports a qualitative preparation-level signal only; exact dose, in-vivo efficacy, and terpene attribution remain unresolved",verified
C026,1.1,"Recent review literature expands the framework for STL biosynthesis/regulation/genomics and species-level Artemisia phytochemistry/omics",stl-biosynthesis-regulation-review-2024; artemisia-phytochemical-treasure-review-2026,review_landscape_update,"establishes review context and research priorities; it does not replace primary compound, enzyme, genome, or parasite-assay evidence",verified
C027,1.1;6.2,"Recent secondary literature updates Artemisia antimalarial medicinal chemistry and whole-plant tea evidence under emerging PfKelch13 resistance",artemisia-antimalarial-medicinal-chemistry-review-2025; annua-tea-malaria-systematic-review-2026,review_landscape_update,"establishes current review context and identifies translation questions; it does not establish terpene causality, a direct parasite-protein target, or clinical equivalence to ACT",verified
C028,5,"A bounded pathway-focused comparison generated 388 candidate orthogroups from 890 A. annua pathway queries and 1,273 A. argyi homology candidates",annua-genome; argyi-genome,computational_candidate_orthogroup,"supports reproducible candidate prioritization only; annotation and homology selection bias plus -og stopping before species-tree/gene-tree inference prevent genome-wide orthology, copy-number, duplication/loss, ancestral-state, function, flux, or mechanism claims",verified
C029,3,"AaDHAADH provides an experimentally characterized alternative AA-to-DHAA route for artemisinin bioproduction",annua-dhaadh-alternative-route-2025,enzyme_and_metabolic_engineering,"supports bidirectional enzyme activity and engineered yeast production; does not establish native in-planta flux or transfer function to other Artemisia species",verified
C030,4.1,"Low phosphorus can increase A. argyi caryophyllene through an AaWRKY1/2-AaTPS3 regulatory relationship",argyi-phosphorus-caryophyllene-2026,environmental_terpene_regulation,"supports a controlled A. argyi regulatory hypothesis; does not establish a universal fertilizer response, evolutionary adaptation, or antiparasitic effect",verified
C031,6.2,"A. afra and A. annua aqueous extracts produce divergent P. falciparum metabolic responses, with A. annua tracking artemisinin-associated redox effects more closely",afra-annua-metabolomics-malaria-2025,comparative_malaria_metabolomics,"supports a preparation- and species-specific metabolomic comparison; it does not establish a terpene mechanism, direct protein target, or clinical efficacy",verified
C032,6.2,"A. tournefortiana contains geographically variable artemisinin measured most strongly in flowers and has pathway-associated sequence similarity to A. annua",tournefortiana-artemisinin-2026,cross_species_artemisinin_chemistry_and_genetics,"supports measured chemical occurrence and candidate biosynthetic potential; it does not establish pathway flux, resistance profile, or therapeutic equivalence to A. annua",verified
C033,5,"A second A. argyi reference genome links a large, repeat-rich assembly and MeJA-responsive transcriptomics to candidate terpenoid-pathway regulation",argyi-reference-genome-secondary-metabolism-2024,genome_and_meja_transcriptomics,"supports a genome/resource and regulatory-candidate context; gene-model counts and expression associations do not establish function, flux, or gene-family evolution",verified
C034,2.2;4,"A controlled five-species comparison shows species-specific artemisinin and volatile-phytochemical profiles but no uniform expression-to-artemisinin relationship",five-species-phytochemical-expression-2024,cross_species_chemistry_and_expression,"supports accession- and method-bounded cross-species variation; it does not define species means or prove evolutionary gain/loss",verified
C035,2.2;3,"A. annua terpene engineering can redirect sesquiterpene production through enzyme choice and plastid targeting",annua-nootkatone-engineering-2021,primary_sesquiterpene_metabolic_engineering,"supports engineered production and compartment effects; it does not establish native production or antiparasitic activity",verified
C036,2.2;5,"A. argyi beta-caryophyllene synthase can support high beta-caryophyllene production in engineered yeast",argyi-caryophyllene-synthase-yeast-2025,primary_argyi_enzyme_and_metabolic_engineering,"supports catalytic/cell-factory capability; it does not establish in-planta abundance, evolutionary retention, or parasite phenotype",verified
C037,2.4,"A. myriantha expands structurally confirmed germacrane-type sesquiterpene lactone diversity",myriantha-artemyrianosins-2022,primary_stl_isolation_and_structure,"supports compound occurrence and structural diversity in the tested aerial material; the cytotoxicity result is not antiparasitic evidence",verified
C038,2.4;5,"Catalytic promiscuity of germacrene A oxidase provides a mechanistic route for sesquiterpene-lactone diversification",gaos-catalytic-plasticity-stl-2019,primary_stl_evolution_and_enzyme_function,"supports an enzyme-evolution hypothesis from heterologous assays; does not identify a native Artemisia product or prove an ancestral pathway",verified
C039,4,"Across a multi-species Artemisia collection, flowering-stage leaves often had higher artemisinin than vegetative-stage material",artemisia-phenology-artemisinin-2011,cross_species_phenology_and_artemisinin,"supports a Pakistan-specific, tissue- and stage-bounded comparison; it does not establish a universal harvest optimum or volatile-terpene rule",verified
C040,6.2,"A defined A. annua artemisinin/arteannuin B/arteannuic acid/scopoletin combination outperformed pure artemisinin in reported murine malaria models and increased artemisinin exposure",annua-natural-combination-malaria-2018,murine_malaria_combination_and_pk,"supports a preclinical combination and PK hypothesis; scopoletin is non-terpene and clinical efficacy, standardized botanical dosing, and individual-component causality remain unresolved",verified
C041,1.1;6.2,"A dedicated review separates direct antiplasmodial Artemisia metabolites from PK/PD, inflammatory, immunomodulatory, and toxicity context in A. annua and A. afra",afra-annua-secondary-metabolites-review-2023,review_artemisia_malaria_metabolites_pk_pd,"supports review-landscape framing and evidence separation; it does not replace primary compound, pathway, parasite, PK, or safety evidence",verified
C042,6.1;6.3,"A. herba-alba and A. judaica ethanolic extracts produced preparation-specific A. galli anthelmintic phenotypes, while camphor docking to ATP synthase and glutathione transferase remained an E2 hypothesis",herba-alba-judaica-ascaridia-2026,helminth_assay_and_docking,"supports a poultry extract phenotype and target-prioritization hypothesis; does not establish terpene causality, direct target engagement, human vermifuge efficacy, or equivalence to A. absinthium",verified
C043,6.2,"A. annua petroleum-ether and ethyl-acetate extracts enhanced reported murine artemisinin potency in vivo, and arteannuin B plus artemisinic acid were isolated as sesquiterpene components associated with the petroleum-ether PK effect",annua-top-down-synergy-2024,murine_malaria_sesquiterpene_pk,"supports a preparation-specific sesquiterpene/matrix and absorption hypothesis; the lack of in-vitro enhancement, rat-only PK verification, and preclinical design prevent clinical or unstandardized-botanical inference",verified
C044,2.4;6.3,"Validated HPLC-DAD/HPLC-MS/SPE-NMR methods separated five sesquiterpene lactones and characterized absinthin stability and degradation in A. absinthium preparations",absinthium-stl-validated-analysis-2010,wormwood_stl_analytical_method,"supports preparation-aware STL occurrence and stability measurement; does not establish anthelmintic activity, terpene causality, or a safe dose",verified
C045,6.3,"A. annua leaf extracts and purified artemisinin showed preparation-specific in-vitro activity against H. contortus, but single-dose extract and artemisinin treatments did not produce significant day-15 EPG reductions in naturally infected sheep",annua-haemonchus-sheep-2014,helminth_assay_and_ovine_trial,"supports a negative/limited ovine translation control; in-vitro activity, hematocrit preservation, and artemisinin malaria efficacy do not establish anthelmintic treatment",verified
C046,6.3,"A. brevifolia whole-plant preparations produced dose-increasing in-vitro and ovine anthelmintic phenotypes, with crude aqueous extract reaching 67.2% day-14 EPG reduction at 3 g/kg",brevifolia-anthelmintic-sheep-2004,ovine_anthelmintic_and_dose_response,"supports a comparative veterinary phenotype weaker than levamisole; chemistry, constituent attribution, and human translation remain unresolved",verified
C047,2.3,"Primary isolations across A. sacrorum, A. caruifolia, A. sphaerocephala, A. argyi, and A. vulgaris confirm under-sampled diterpene and triterpene chemical space",sacrorum-ent-kauranoid-diterpenes-1990; caruifolia-triterpenes; sphaerocephala-triterpenoid-saponin-2008; argyi-triterpenoids-alpha-glucosidase-2020; vulgaris-sesqui-triterpenoids-2022,primary_isolation_synthesis,"establishes specimen-bounded structural diversity and non-parasitic assay context; does not establish genus-wide abundance, pathway homology, or antiparasitic efficacy",verified
C048,2.4;6.3,"Santonin is measurable across Artemisia taxa and must be separated from preparation-level pharmacology in the wormwood vermifuge hypothesis",artemisia-santonin-quantification-2017; cina-santonin-free-extract-2020,santonin_analytical_and_fractionation,"supports lot-specific quantitation and safety/attribution controls; does not establish santonin efficacy, santonin-free anthelmintic activity, or human safety",verified
C049,5,"Epistatic sequence changes can alter terpene synthase cyclization topology",annua-terpene-cyclization-evolution-2015,primary_enzyme_evolution,"supports a testable molecular-evolution mechanism in a heterologous assay; does not establish ancestral states, ecological selection, or parasite-relevant product function",verified
C050,6,"Bio-guided isolation of cinic acid from A. cina strengthens constituent-resolved attribution of an H. contortus L3 phenotype",cina-bioassay-sesquiterpene,primary_isolation_and_helminth_assay,"supports an in-vitro defined-compound bridge and relative extract comparison; does not establish host selectivity, target engagement, in-vivo efficacy, or A. absinthium transfer",verified
C051,6.2,"Arteannuin B can contribute to A. annua matrix-enhanced artemisinin exposure through CYP3A4 inhibition in a preclinical system",annua-arteannuin-b-cyp3a-2017,primary_matrix_pharmacokinetics_and_antimalarial_assay,"supports a host-metabolism and PK hypothesis; does not establish a parasite target, clinical benefit, or safety of unstandardized extracts",verified
C052,6,"A defined Artemisia sesquiterpene lactone, dehydroleucodine, induced programmed-cell-death phenotypes in multiple T. cruzi stages",stl-tcruzi-pcd-2014,primary_sesquiterpene_lactone_and_parasite_assay,"supports compound-level parasite activity; does not establish a protein target, host selectivity, or wormwood equivalence",verified
C053,6.3,"A. absinthium N-myristoyltransferase docking is a non-terpene hypothesis and negative attribution control",absinthium-leishmania-nmt-docking-2024,primary_phytochemistry_and_docking,"supports target prioritization only; does not establish binding, parasite efficacy, or terpene mechanism",verified
C054,6.3,"Comparative A. absinthium and A. dracunculus essential-oil activity against root-knot nematodes is species- and mixture-dependent",absinthium-dracunculus-rootnematodes-2026,primary_essential_oil_and_nematode_assay,"supports chemotype-specific mixture testing; does not establish single-compound causality, livestock efficacy, or human safety",verified
C055,5,"A. tridentata adds a third Artemisia genome-scale context in which repeat content, genome architecture, and ploidy complicate terpene-family comparison",tridentata-genome-assembly-2022; tridentata-diploidization-2024,primary_genome_and_comparative_evolution,"supports inclusion and common-annotation requirements; does not establish terpene gene expansion, function, or antiparasitic activity",verified
C056,5,"Comparative A. tridentata/A. annua data support a cytotype- and diploidization-aware evolutionary design",tridentata-diploidization-2024; tridentata-wgd-pathways-2026,primary_polyploidy_and_genome_evolution,"supports genome-architecture and sampling hypotheses; does not establish pathway flux or protein orthology",verified
C057,5,"One- and two-step WGD pathways in A. tridentata motivate ploidy-aware sampling of Artemisia terpene loci",tridentata-wgd-pathways-2026,primary_polyploidy_and_genome_evolution,"supports an experimentally testable sampling design; does not establish selection, terpene chemistry, or parasite relevance",verified
C058,6.3,"A. absinthium has a negative/limited caprine coccidiosis translation control in which a crude ethanolic extract underperformed standard drugs",absinthium-goat-coccidiosis-2013,primary_veterinary_protozoan_assay,"supports preparation- and host-specific limits; does not establish absence of activity for other doses, extracts, parasites, or constituents",verified
C059,2.4;6.3,"Wormwood thujone and bitter-compound concentrations require harvest-stage and lot-specific measurement before efficacy or safety comparisons",absinthium-thujone-phenology-2016,primary_wormwood_phenology_and_analytical_chemistry,"supports analytical standardization; does not establish a causal relationship between thujone level and vermifuge phenotype",verified
C060,7,"Thujone-containing Artemisia oils have mixture-level toxicity and behavior-modulating associations involving constituents beyond thujones",absinthium-thujone-toxicity-2017,primary_chemotype_linked_toxicology,"supports mixture-aware safety assessment; does not define human dose limits or parasite selectivity",verified
C061,2.4;6.3,"Wormwood oil composition varies by organ, developmental stage, and chemotype, so vermifuge assays require tissue- and harvest-matched chemical fingerprints",absinthium-organs-2018; absinthium-thujone-phenology-2016,primary_wormwood_organ_and_phenology_chemistry,"supports preparation-aware sampling; does not establish a causal relationship between any oil component and parasite phenotype",verified
C062,2.4;6.3,"Ex-situ populations of A. absinthium retain substantial within-species variation in oil and nonvolatile chemistry, including sabinyl-acetate and thujone chemotypes",absinthium-population-chemotypes-2025,primary_wormwood_population_chemotype_study,"supports chemotype stratification and breeding/QC hypotheses; does not establish population-specific efficacy or safety",verified
C063,3,"A purified A. annua leaf protein converted arteannuin B to artemisinin with 58% conversion in a defined biochemical assay",annua-arteannuin-b-conversion-enzyme-2001,primary_artemisinin_pathway_enzyme,"supports a step-level protein assay; does not establish modern gene identity, native flux, or cross-species conservation",verified
C064,2.4,"Davana essential-oil composition changes across growth stage and season, including declines in davanone/linalool and increases in several sesquiterpene and ester constituents",pallens-phenology-1999,primary_phenology_essential_oil_chemistry,"supports harvest-stage and season covariates; does not establish antiparasitic activity",verified
C065,5,"Artemisia genome size varies substantially across the genus and is associated with karyotype and ploidy context",artemisia-genome-size-2001,primary_genome_size_evolution,"supports cytotype-aware sampling and orthology interpretation; does not infer terpene-gene number, pathway completeness, or parasite activity",verified
C066,4,"Artemisinin content in A. annua has a substantial heritable additive component and selected hybrid lines reached up to 1.4% dry-leaf mass",annua-artemisinin-genetics-2001,primary_artemisinin_quantitative_genetics,"supports within-species selection and chemotype hypotheses; does not identify causal loci or guarantee stability across environments",verified
C067,3,"Artemisinic acid was isolated from A. annua and structurally characterized as a possible biogenetic precursor of artemisinin",annua-artemisinic-acid-structure-1993,primary_sesquiterpene_isolation_and_structure,"supports precursor occurrence and structural context; does not establish complete in-planta conversion or antiparasitic activity",verified
C068,4,"A Japanese wild-derived A. annua accession showed seasonal and positional variation in artemisinin-related sesquiterpenes",annua-japanese-sesquiterpenes-1999,primary_seasonal_sesquiterpene_chemistry,"supports accession- and harvest-aware sampling; does not define a universal optimum or isolate environmental causality",verified
C069,3,"Salicylic acid and reactive-oxygen signaling can alter artemisinin accumulation and selected pathway-gene responses in A. annua",annua-salicylic-acid-2009,primary_elicitor_pathway_regulation,"supports a perturbation-level cross-talk hypothesis; does not establish field relevance or improved antiparasitic potency",verified
C070,3,"CYP71AV1 promoter activity is localized by age and tissue to secretory or T-shaped trichomes and varies among A. annua varieties",annua-cyp71av1-promoter-2013,primary_promoter_and_trichome_expression,"supports promoter-reporter localization and genotype-by-tissue hypotheses; does not establish native flux or cross-species conservation",verified
C071,3,"C4H RNAi links phenylpropanoid/salicylic-acid perturbation with increased artemisinin in A. annua",annua-c4h-rnai-2016,primary_pathway_perturbation,"supports pathway cross-talk under genetic perturbation; does not assign a direct parasite mechanism or exclude pleiotropy",verified
C072,2.4,"A. aucheri shoot culture yielded the isolated eudesmanolide artemin, expanding confirmed non-artemisinin sesquiterpene-lactone space",aucheri-artemin-2019,primary_sesquiterpene_lactone_isolation,"supports compound occurrence and structure; cancer-cell cytotoxicity is not antiparasitic efficacy or a safety window",verified
C073,5,"Induced autotetraploid A. annua showed altered trichome morphology, transcriptome state, and higher mean artemisinin in the reported comparison",annua-tetraploid-transcriptome-2018,primary_polyploidy_transcriptomics,"supports ploidy-associated chemotype hypotheses; does not establish natural-polyploid evolution or causal genes",verified
C074,6.3,"An alpha-thujone-rich A. sieberi oil showed contact, fumigant, repellent, and residual activity against adult poultry red mites",sieberi-poultry-mite-2017,primary_ectoparasite_oil_assay,"supports a preparation-specific ectoparasite-control phenotype; does not establish A. absinthium vermifuge efficacy, poultry safety, or single-constituent causality",verified
C075,2.4,"High- and low-artemisinin A. annua chemotypes differ in DBR2-associated saturated versus unsaturated sesquiterpene profiles",annua-chemotype-metabolomics,primary_metabolomics,"supports branch-point and terminal-conversion hypotheses; does not establish that DBR2 alone determines yield or parasite potency",verified
C076,6.2;6.3,"A. sieberi contained seasonally variable artemisinin and its plant extract reduced selected Eimeria outcomes but not E. maxima",sieberi-artemisinin-coccidia-2007,primary_artemisinin_occurrence_and_veterinary_assay,"supports a veterinary preparation and occurrence record; does not establish human malaria efficacy, wormwood vermifuge activity, or artemisinin-alone causality",verified
C077,2.2;6.3,"A. absinthium oil acaricidal potency changed with extraction method, and a candidate C15H24 sesquiterpene was reported only in the more potent direct-steam oil",absinthium-extraction-acaricide-2001,primary_wormwood_extraction_and_acaricide_assay,"supports extraction- and mixture-specific chemistry/ectoparasite association; does not establish causal identity, helminth activity, or human safety",verified
C078,6.2,"Activity-guided A. indica isolation identified exiguaflavones A/B as non-terpene antimalarial principles",indica-antimalarial-principles-1998,primary_nonterpene_antimalarial_isolation,"supports a non-terpene boundary/control; does not support terpene activity or cross-species mechanism",verified
C079,6.2;7,"A historical gelatin-capsule A. annua preparation was reported to clear malaria parasitemia but had high recrudescence in the reported context",annua-gelatin-capsule-malaria-1992,primary_historical_whole_preparation_malaria,"supports historical whole-preparation context only; no constituent attribution, modern quality control, or current clinical efficacy inference",verified
C080,3;5,"Cold-induced AabHLH112 promotes artemisinin biosynthesis indirectly through AaERF1",annua-bhlh112-cold-2019,primary_transcription_factor_and_cold_response,"supports an A. annua regulatory node and cold-response hypothesis; does not establish native flux, cross-species conservation, or parasite potency",verified
C081,3;5,"Glandular-trichome chromatin accessibility differs from leaf accessibility at artemisinin-pathway loci including DBR2 and CYP71AV1",annua-chromatin-accessibility-2021,primary_epigenomic_and_trichome_regulation,"supports an epigenomic tissue-compartment association; does not establish causal regulation, flux, or antiparasitic activity",verified
C082,2.1;2.4,"A. herba-alba aerial-part fractionation yielded a structure-confirmed monoterpene dimer, monoterpene, and three sesquiterpene lactones",herba-alba-terpenes-2013,primary_terpene_and_sesquiterpene_lactone_isolation,"supports specimen-bounded chemical diversity; does not establish antiparasitic activity or pathway conservation",verified
C083,2.3,"A. annua yielded friedelane-type triterpenoids in an isolation study, expanding confirmed nonvolatile C30 chemical coverage",annua-friedelane-triterpenes-1994,primary_triterpene_isolation,"supports triterpene occurrence and cytotoxicity context; does not establish native abundance, pathway function, or parasite activity",verified
C084,2.2;6.2,"Supercritical-CO2, hydrodistillation, and steam distillation produce different A. annua volatile terpene profiles",annua-green-extraction-2025,primary_extraction_method_and_volatile_chemistry,"supports preparation-aware chemistry and extraction design; does not establish a preferred therapeutic preparation or single-compound efficacy",verified
C085,5,"Comparative Artemisia plastomes provide an infra-generic phylogenetic context for future terpene sampling",artemisia-plastome-phylogeny-2025,primary_plastome_phylogeny,"supports phylogenetic sampling context; plastid relationships do not establish nuclear terpene-gene orthology, pathway evolution, or antiparasitic function",verified
C086,3,"A. annua contains a sesquiterpene-cyclase gene family with flowering- and tissue-associated expression",annua-two-sesquiterpene-cyclases,primary_enzyme_and_expression,"supports gene-family and expression context; does not assign products or establish cross-species function",verified
C087,3,"CYP71AV1 oxidizes amorpha-4,11-diene and related artemisinin-pathway intermediates in recombinant yeast",annua-cyp71av1-primary,primary_recombinant_enzyme,"supports one experimentally characterized pathway step in A. annua; does not establish complete flux or conservation",verified
C088,3,"Early artemisinin-pathway intermediates and enzyme activities support a sequence from amorpha-4,11-diene toward dihydroartemisinic acid",annua-early-artemisinin,primary_pathway_biochemistry,"supports an evidence-qualified pathway hypothesis; does not prove full in-vivo directionality",verified
C089,3;5,"CYP71AV1 disruption redirects A. annua sesquiterpene metabolism toward arteannuin X and highlights nonenzymatic terminal conversion",annua-cyp71av1-mutant,primary_genetic_perturbation,"supports A. annua metabolic plasticity and isotope-informed terminal chemistry; does not establish another species or parasite mechanism",verified
C090,2.1;3,"Loss of an A. annua bornyl diphosphate synthase-associated locus shifts carbon from monoterpenes toward selected sesquiterpenes but not artemisinin",annua-bornyl-null,primary_genetics_and_chemistry,"supports a species-specific branch-competition observation; not a universal tradeoff",verified
C091,4;6.2,"DBR2L promoter variation and expression are associated with HAP/LAP artemisinin chemotype differences",annua-dbr2l-chemotype,primary_chemotype_genomics,"supports an A. annua regulatory association and recombinant activity; causality and cross-species conservation remain open",verified
C092,5,"An AaADS-homologous A. maritima enzyme makes 4-amorphen-11-ol rather than amorpha-4,11-diene",maritima-4-amorphen-11-ol-synthase,primary_comparative_sesquiterpene_enzyme,"supports functional divergence among homologous TPS proteins; not native artemisinin or parasite evidence",verified
C093,6,"Purified helenalin, mexicanin, and dehydroleucodine inhibit L. mexicana promastigotes at low micromolar concentrations",stl-leishmania-mexicana,purified_compound_assay,"supports a defined compound-level phenotype; does not establish a common Artemisia source, amastigote activity, or target",verified
C094,6.3,"A regional A. absinthium oil containing 27.40% camphor showed activity against Leishmania stages with weak hemolysis in vitro",absinthium-leishmania,parasite_assay_and_toxicity,"supports preparation-specific mixture activity and safety context; does not assign camphor causality or human efficacy",verified
C095,6.2,"A. sieberi and A. khorassanica extracts produced species- and preparation-specific P. berghei responses",sieberi-malaria; khorassanica-malaria,animal_extract_assay,"supports comparative murine malaria evidence; does not establish a terpene mechanism or clinical translation",verified
C096,6.3,"Wormwood anthelmintic evidence is directionally positive in some sheep studies but varies by extraction, diet, host population, and endpoint",absinthium-ovine-nematodes; absinthium-wormwood-lambs; absinthium-awassi-nematodes,comparative_veterinary_vermifuge,"supports a preparation- and host-qualified vermifuge hypothesis; does not establish a causal terpene, standardized dose, residue profile, or human efficacy",verified
C097,5,"Genome-scale A. annua and chromosome-scale A. argyi studies support terpene-family innovation and contrasting artemisinin-pathway contexts but are not directly comparable copy-number evidence",annua-genome; argyi-genome,comparative_genome_context,"supports the evolutionary design and reconciliation requirement; assembly, ploidy, annotation, orthology, and biochemical function remain explicit gates",verified
C098,2.1-2.3,"Structure-confirmed primary studies expand underrepresented Artemisia monoterpene, sesquiterpene-lactone, and triterpene chemical space",suksdorfii-polyol-monoterpenes; multi-species-antifungal-terpenes-1999; igniaria-triterpenoids,class_balance_isolation_synthesis,"supports specimen-bounded class balancing and analytical prioritization; does not establish genus-wide chemotypes, biosynthetic homology, or antiparasitic activity",verified
C099,2.2-2.4,"Historical and primary isolation records broaden the C10/C15 evidence base and explicitly connect some Artemisia sampling to season or structure-confirmed guaianolide diversity",filifolia-monoterpenes-1974; feddei-seasonal-stl-1973; feddei-sesquiterpene-lactones-1992; sieversiana-guaianolides-1998,class_balance_and_phenology_update,"supports a bounded literature map and prioritizes full-text recovery; title-level records do not establish detailed products, pathway homology, abundance, or antiparasitic activity",verified
C100,2.4;6.3,"A parasite-oriented chromatographic study tentatively identified alpha-santonin and ketopelenolid-A in methanolic A. absinthium extracts",absinthium-antiparasitic-components-1992,primary_analytical_component_screen,"supports a wormwood constituent-attribution lead; tentative identification and absence of a purified parasite assay prevent efficacy, target, and safety claims",verified
C101,2.4;6.3,"Historical indexing connects santonin prepared from A. transiliensis with ascariasis treatment",transiliensis-santonin-ascariasis-1954,primary_historical_anthelmintic_record,"supports historical vermifuge context only; no current efficacy, dose, product quality, botanical authentication, or human safety inference is permitted",verified
C102,3;5,"Pathway organization and substrate channeling are explicit experimental priorities in A. annua, but the indexed substrate-channeling record requires full-text recovery before quantitative interpretation",annua-substrate-channeling-2016,primary_title_and_metadata,"supports a bounded pathway-organization lead; no compartment, flux, yield, or cross-species conservation claim is permitted from title/metadata alone",verified
C103,3;6.2,"ADS/P19 transformation increased measured artemisinin in engineered A. annua leaves and hairy roots",annua-ads-p19-transformation-2020,primary_transformation_and_hplc,"supports an engineered A. annua production result; does not establish native evolutionary conservation, parasite potency, or clinical botanical equivalence",verified
C104,3;4,"Cold stress produces duration-dependent coordination of artemisinin and phenylpropanoid pathway responses in A. annua leaves",annua-cold-dynamic-transcriptomics-2024,primary_environmental_transcriptomics_and_metabolomics,"supports an environment-by-pathway hypothesis; does not identify a universal stress response, single causal metabolite, or evolutionary adaptation",verified
C105,3;4;5,"Single-nucleus and spatial transcriptomics localize artemisinin-associated programs to developmental subpopulations within A. annua glandular secretory trichomes",annua-single-nucleus-trichome-2025,primary_single_nucleus_and_spatial_transcriptomics,"supports cell-resolved compartmentalization and candidate prioritization; does not establish causal hub-gene function, flux, or cross-species conservation",verified
C106,4;6.1,"Silicon-associated increases in A. annua trichome size and artemisinin concentration did not improve the activity of the corresponding leaf infusion against Toxoplasma gondii",annua-silicon-trichome-toxoplasma-2016,primary_trichome_chemistry_and_parasite_assay,"supports an environment-by-chemistry/parasite phenotype dissociation; does not establish a single active constituent, synergy, or direct target",verified
C107,6.2,"Artemisinin and dried A. annua leaves improved Eimeria tenella-associated chicken outcomes through measured host-apoptosis and inflammatory-response changes",annua-eimeria-host-response-2018,primary_veterinary_coccidiosis_and_host_response,"supports a veterinary coccidiosis comparator and host-response hypothesis; does not establish parasite-protein engagement, leaf-constituent attribution, or human efficacy",verified
C108,6.1;6.2,"Purified sesquiterpene lactones from Seriphidium khorassanicum (syn. A. khorassanica) inhibited L. major amastigotes with a reported macrophage selectivity window",khorassanica-purified-stls-leishmania-2022,primary_purified_sesquiterpene_lactone_and_parasite_assay,"supports a defined-compound STL parasite phenotype in a related taxon; does not establish target identity, in-vivo efficacy, or occurrence in A. absinthium",verified
C109,1.1;6.1,"A 2025 review synthesizes antimicrobial reports for Artemisia, artemisinin, semisynthetic derivatives, and derived oligomers across multiple pathogen classes",artemisia-antimicrobial-review-2025,review_antimicrobial_context,"supports review-precedent and scope context only; quantitative efficacy, target, safety, and clinical claims remain anchored to primary studies",verified
C110,1.1;6.3,"A recent botanical-anthelmintic review identifies A. absinthium among plants with reported ruminant anthelmintic evidence and emphasizes mixture-level and resistance-related limitations",botanical-anthelmintics-ruminants-2025,review_botanical_anthelmintic_context,"supports adjacent review context for the wormwood vermifuge section; does not establish a pooled A. absinthium effect, terpene causality, or human translation",verified
C111,6.2,"Normalized A. annua extracts produced greater preclinical antimalarial activity than equivalent-dose artemisinin in two murine models and altered host P-glycoprotein efflux behavior",annua-plant-matrix-malaria-pk-2025,primary_plant_matrix_antimalarial_pharmacology_and_pharmacokinetics,"supports a plant-matrix and host-transporter hypothesis; does not establish human efficacy, a single active terpene, direct parasite targeting, or clinical equivalence",verified
C112,1.1;6.3,"A focused wormwood review summarizes anthelmintic reports alongside phytochemistry, pharmacokinetics, and toxicity boundaries",absinthium-bioactive-review-2020,review_wormwood_phytochemistry_anthelmintic_and_toxicology,"supports species-focused review context only; does not establish a standardized vermifuge dose or pooled terpene effect",verified
C113,6.3,"A veterinary network meta-analysis included 256 animals across six studies and identified A. absinthium among more effective botanical candidates while emphasizing heterogeneous evidence and the need for stronger trials",botanical-anthelmintic-network-meta-analysis-2020,review_network_meta_analysis_veterinary_anthelmintics,"supports bounded veterinary synthesis context; does not provide an A. absinthium-specific pooled estimate, terpene attribution, or human translation",verified
C114,7,"Alpha-thujone has a primary mammalian neurotoxicity mechanism involving GABA-A receptor modulation and metabolic detoxification",thujone-gaba-a-detoxification-2000,primary_thujone_neurotoxicity_and_detoxification,"supports safety-mechanism framing; does not establish parasite selectivity, a safe therapeutic dose, or modern anthelmintic efficacy",verified
C115,6.2,"A. annua infusions from different origins showed different chromatographic profiles and beta-haematin inhibition",annua-origin-malaria-2014,primary_origin_dependent_antimalarial_chemotype_assay,"supports origin- and matrix-dependent preclinical malaria phenotype; does not assign activity to a terpene or establish clinical equivalence",verified
C116,3;5,"Exogenous GR24 increased glandular-trichome attributes and artemisinin content/yield in A. annua",annua-strigolactone-trichome-2022,primary_trichome_hormone_and_artemisinin_production,"supports a hormone-by-trichome production perturbation; does not establish conserved cross-species regulation or parasite potency",verified
C117,3;5,"AabHLH2 and AabHLH3 are negative transcriptional regulators of artemisinin biosynthesis in A. annua",annua-bhlh-repression-2022,primary_artemisinin_transcriptional_regulation,"supports a defined A. annua regulatory mechanism; does not establish homologous function outside the tested species",verified
C118,6.1,"Artemisia essential oils in nanoliposomes showed species-dependent larvicidal activity against Aedes aegypti and Anopheles stephensi",artemisia-oil-nanoliposome-mosquito-2023,primary_artemisia_oil_mosquito_vector_formulation_assay,"supports formulation- and oil-specific vector control; does not identify a causal terpene or demonstrate malaria treatment",verified
C119,6.1,"A. annua oil, 1,8-cineole, and camphor produced defined fumigation toxicity and detoxification-enzyme responses in Tetranychus urticae",annua-oil-monoterpenoid-mite-2025,primary_monoterpenoid_acaricide_and_detoxification_assay,"supports a defined invertebrate phenotype; does not establish helminth activity, parasite-protein engagement, or mammalian safety",verified
C120,3;5,"Signal-peptide targeting increased engineered patchoulol accumulation in A. annua",annua-patchoulol-engineering-2020,primary_heterologous_sesquiterpene_engineering,"supports production engineering and compartment targeting; does not establish native patchoulol biology or evolutionary conservation",verified
C121,7,"A. absinthium essential oil induced cellular stress and detoxification responses in a human hepatic-stellate-cell model",absinthium-oil-hepatic-toxicology-2024,primary_wormwood_oil_cellular_toxicology,"supports a preparation- and dose-specific safety signal; does not define human clinical risk or a therapeutic window",verified
C122,2.1,"A. persica aerial parts yielded ten undescribed monoterpenoids, including four enantiomeric pairs, with no greater-than-50-percent activity at the tested concentrations",persica-monoterpenoids-2026,primary_persica_monoterpene_isolation_and_bioassay,"supports structure-confirmed C10 chemistry and a bounded negative activity result; does not establish antiparasitic activity or species-wide abundance",verified
C123,2.2,"A. persica yielded eleven undescribed bisabolane-type sesquiterpenoids, with limited anti-inflammatory activity reported for two compounds",persica-bisabolane-sesquiterpenoids-2025,primary_persica_sesquiterpenoid_isolation_and_bioassay,"supports structure-confirmed C15 chemical space; does not establish parasite activity or pathway-gene function",verified
C124,4;6.1,"Extended natural drying reduced A. monosperma essential-oil yield by 23.7 percent and altered its constituent profile",monosperma-drying-oil-2026,primary_postharvest_monosperma_essential_oil_chemistry,"supports drying duration as a preparation covariate; does not establish a causal biological constituent or antiparasitic effect",verified
C125,4;6.3,"Drying method and cultivar altered A. argyi essential-oil composition, including oxygenated monoterpenes and selected sesquiterpenes",argyi-drying-methods-2025,primary_postharvest_argyi_essential_oil_chemistry,"supports method-by-cultivar chemical variation; does not establish in-planta regulation, vermifuge efficacy, or malaria activity",verified
C126,5,"Genome-map-based karyotyping supports allotetraploid A. argyi and identifies octoploid germplasm, motivating ploidy-aware terpene-gene comparisons",argyi-octoploid-karyotype-2025,primary_argyi_karyotype_and_polyploid_genomics,"supports a comparative-genomics design variable; does not establish gene dosage, flux, or phenotype causality",verified
C127,3,"AabHLH5 interacts with JAZ proteins and negatively regulates jasmonate-linked artemisinin biosynthesis in A. annua",annua-aabhlh5-ja-2025,primary_annua_jasmonate_transcriptional_regulation,"supports a defined A. annua regulatory mechanism; does not establish cross-species conservation or parasite potency",verified
C128,3,"AYFOMT2 catalyzes 4-prime hydroxyl methylation of jaceosidin to eupatilin and increases eupatilin in transformed A. argyi hairy roots",argyi-omt-eupatilin-2025,primary_argyi_recombinant_methyltransferase_assay,"supports step-level enzyme evidence and an A. argyi transformation system; this is a non-terpene control and not antiparasitic evidence",verified
C129,1.1;5.3,"A recent review synthesizes breeding, engineering, tissue culture, elicitation, environmental regulation, and whole-plant strategies for A. annua artemisinin production",annua-production-review-2025,review_artemisinin_production_and_biotechnology,"supports discovery and production context; does not replace primary validation or establish clinical equivalence",verified
C130,1.1;6.2,"A medicinal-chemistry review surveys natural and nature-inspired Artemisia antimalarial compounds across in-vitro and in-vivo evidence and identifies mechanism and combination gaps",artemisia-antimalarial-medicinal-chemistry-review-2025,review_artemisia_antimalarial_medicinal_chemistry,"supports scope context; does not replace primary efficacy, PK, target, or safety evidence",verified
C131,5.3,"A dual-focus review links supercritical-CO2 extraction of artemisinin with microbial and biotechnological production of artemisinin precursors",annua-extraction-biotech-review-2025,review_artemisinin_extraction_and_biotechnology,"supports process and production context; does not establish a best extraction method, native pathway flux, or clinical product",verified
C132,6.2;7,"Quality-by-design albumin nanoparticles encapsulated A. annua whole-leaf extract using artemisinin as a quantitative batch marker and produced sustained release in simulated gastrointestinal conditions",annua-albumin-nanoparticles-2026,primary_annua_whole_leaf_nanoparticle_formulation,"supports formulation and batch-control context; does not establish parasite efficacy, terpene attribution, or clinical equivalence",verified
C133,2.2,"A. serotina winter-wormwood oil was dominated by the irregular monoterpene santolina alcohol and showed fungicidal activity against Candida albicans",serotina-winter-wormwood-oil-2025,primary_serotina_irregular_monoterpene_chemistry,"supports a bounded irregular-monoterpene chemotype and fungal endpoint; does not establish malaria, helminth, or vermifuge activity",verified
C134,3,"Co-expression of AaMYC2 and AaMYC2-LIKE increased trichome-development and artemisinin-pathway outputs beyond individual transformations in A. annua",annua-myc2-synergy-2025,primary_annua_myc2_regulatory_synergy,"supports an A. annua regulatory interaction; does not establish conserved cross-species function or parasite potency",verified
C135,3,"AaMYC2-type bound E-boxes in AaADS and AaCYP71AV1 promoters and altered trichome density and artemisinin in A. annua gain/loss experiments",annua-myc2-trichome-2024,primary_annua_myc2_trichome_regulation,"supports direct promoter and perturbation evidence in A. annua; does not establish a terpene-general regulator",verified
C136,3,"AaSHI1 was enriched in trichomes and young leaves and activated AaADS and AaCYP71AV1 through promoter-binding and transient-transformation assays",annua-shi1-2024,primary_annua_shi_transcriptional_regulation,"supports a defined A. annua transcriptional candidate; does not establish orthology or parasite efficacy",verified
C137,3;4,"Light and ABA synergistically promoted artemisinin-pathway expression through AaABI5 in A. annua",annua-abi5-light-aba-2023,primary_annua_light_aba_regulation,"supports environment-by-hormone regulation; does not establish a field prescription, cross-species conservation, or parasite potency",verified
C138,3;4,"AaWRKY6 bound the AaDBR2 promoter and altered artemisinin accumulation across A. annua growth-stage and perturbation experiments",annua-wrky6-growth-2023,primary_annua_wrky_growth_regulation,"supports growth-stage regulatory evidence; does not establish conserved function or direct parasite targeting",verified
C139,3;4,"AabZIP1 connected ABA and JA signaling through AaMYC2, increased artemisinin and wax biosynthesis, and improved drought tolerance when overexpressed in A. annua",annua-aabzip1-drought-2022,primary_annua_aba_ja_cross_talk,"supports a defined stress-linked regulatory module; does not establish evolutionary conservation or antiparasitic efficacy",verified
C140,4;7,"TiO2 nanoparticles and salinity changed ADS/DBR2 expression and HPLC-measured artemisinin in A. absinthium",absinthium-tio2-salinity-2021,primary_absinthium_stress_artemisinin_expression,"supports a treatment-specific stress association; does not establish safe use, native flux, or malaria/helminth efficacy",verified
C141,6.3,"A. vestita and A. maritima extracts reduced H. contortus fecal egg counts in sheep, with maximum reported reductions of 87.2% and 84.5% at 100 mg/kg and activity against larvae and adults in vitro",vestita-maritima-helminth,primary_anthelmintic_in_vivo_and_in_vitro,"supports bounded veterinary anthelmintic activity; does not establish a terpene, standardized preparation, or human translation",verified
C142,6.2,"Medium-polar extracts of A. ciniformis, A. biennis, and A. turanica inhibited beta-hematin formation, with A. ciniformis dichloromethane extract most active in the reported screen",annua-extracts-beta-hematin-2015,primary_artemisia_extract_beta_hematin_assay,"supports extract-level malaria-surrogate activity; does not identify a terpene, establish parasite-stage efficacy, or support clinical use",verified
C143,6.1,"Aqueous A. sieberi extract and purified artemisinin reduced L. major promastigote and intracellular-amastigote burdens in vitro, with the plant extract reported as more active in that comparison",sieberi-artemisinin-leishmania-2013,primary_sieberi_extract_leishmania_assay,"supports a bounded extract-versus-compound comparison; does not establish constituent attribution, target engagement, or in-vivo efficacy",verified
C144,6.2,"Dichloromethane extracts and bioactivity-guided fractions of A. aucheri and A. armeniaca inhibited beta-hematin formation, with the strongest A. armeniaca fraction more active than its parent extract",aucheri-armeniaca-antimalarial-2014,primary_artemisia_extract_antimalarial_fractionation,"supports preparation- and fraction-specific malaria-surrogate activity; does not assign activity to a terpene or establish clinical efficacy",verified
C145,5,"A historical PCR screen detected selected ADS active-site regions only in A. annua, A. aucheri, and A. chamaemelifolia among ten species, while no complete ADS gene was amplified",artemisia-ads-ten-species-2011,primary_cross_species_ads_pcr,"supports a candidate-screening result; partial PCR presence/absence is not functional orthology or pathway completion",verified
C146,4;5,"Colchicine-induced tetraploid A. annua showed higher artemisinin and increased expression of selected pathway genes than diploid material",annua-tetraploid-artemisinin-2011,primary_annua_polyploidy_pathway_expression,"supports a ploidy-associated production phenotype; does not establish dosage mechanism, evolutionary retention, or parasite efficacy",verified
C147,7,"In pregnant Wistar rats, an ethanolic A. annua leaf extract showed dose-specific fetal toxicity signals at the highest tested dose despite limited maternal toxicity signals",annua-pregnancy-safety-2013,primary_annua_reproductive_toxicology,"supports a preparation- and dose-specific reproductive safety warning; does not define human risk or a safe therapeutic window",verified
C148,6.2;7,"Artemisia-derived silver nanoparticles showed formulation-dependent P. falciparum activity and hemocompatibility in vitro, with A. abrotanum-derived particles outperforming the other tested preparations in the reported comparison",artemisia-ag-nanoparticles-malaria-2020,primary_artemisia_silver_nanoparticle_antimalarial_assay,"supports a formulation-level antiplasmodial phenotype; does not identify a causal terpene, nanoparticle mechanism, or clinical product",verified
C149,2.1,"HPLC detected artemisinin at 0.07-0.45 percent dry mass in seven Tajikistan Artemisia species, including A. vachanica as a proposed new source",tajikistan-artemisinin-species-2019,primary_cross_species_artemisinin_quantification,"supports occurrence in sampled material; does not establish intact pathway, stable chemotype, or therapeutic equivalence",verified
C150,2.1;4,"A tissue comparison across A. annua and fourteen other Artemisia species found variable artemisinin concentrations, with flowers generally exceeding leaves, stems, and roots",pakistan-artemisinin-species-2010,primary_cross_species_artemisinin_quantification,"supports a tissue- and species-bounded survey; does not establish species-wide abundance or pathway function",verified
C151,4;5,"Bacillus cereus co-inoculation under salinity changed ion balance, growth, ADS/CYP71AV1 expression, and reported artemisinin in A. absinthium",absinthium-bacillus-salinity-2024,primary_absinthium_endophyte_stress_regulation,"supports a treatment-by-stress association; does not establish native flux, safety, or parasite efficacy",verified
C152,7,"A. absinthium extract-loaded polymeric nanoparticles produced short-lived toxicity at 300 mg/kg and severe acute toxicity/mortality at 2,000 mg/kg in female Wistar rats",absinthium-polymeric-nanoparticle-toxicity-2023,primary_absinthium_extract_nanoparticle_toxicology,"supports formulation- and dose-specific acute toxicity; does not define a human safe dose or efficacy window",verified
C153,6.2,"A. annua materials and artemisinin active against Histomonas meleagridis clones in vitro failed to improve experimental histomonosis in turkeys or chickens",annua-histomonas-negative-2012,primary_annua_protozoan_negative_translation,"supports a strong in-vitro/in-vivo discordance control; does not establish a terpene mechanism or treatment",verified
C154,3;5,"Endophyte communities differed between Japanese and Indonesian Artemisia plants, and Colletotrichum converted artemisinin's peroxide bridge to an ether in a microbial assay",annua-endophyte-conversion-2023,primary_annua_endophyte_environment_and_biotransformation,"supports environment-linked endophyte chemistry and biotransformation; does not establish plant-native flux or parasite efficacy",verified
C155,3;5,"Co-transformation of artemisinin-pathway enzymes and trichome-specific transcription factors increased A. annua artemisinin up to 3.2-fold in T0 lines and up to 2.2-fold in selected T1 progeny",annua-co-transformation-2023,primary_annua_pathway_and_trichome_engineering,"supports engineered production and partial progeny retention; does not establish natural evolution, field stability, or parasite potency",verified
C156,3;5,"CYP71AV1 was expressed and purified in a prokaryotic system with heme characterization and preliminary crystallization, providing a step-level structural-method resource",cyp71av1-expression-crystallization-2018,primary_cyp71av1_expression_and_structural_method,"does not establish a solved structure, native flux, cross-species orthology, or parasite target",verified
C157,2.2,"VCD/DFT and NMR assigned the absolute configurations of two ocimene monoterpenoids isolated from A. absinthium oils",absinthium-ocimene-configuration-2017,primary_absinthium_monoterpene_stereochemistry,"supports stereochemically resolved C10 identity; does not establish abundance, pathway enzyme, or vermifuge function",verified
C158,4.1;6.3,"A. absinthium essential-oil yield and composition changed across preflowering, flowering, and post-flowering harvests, with 44 reported compounds and stage-specific major constituents",absinthium-seasonal-oil-2014,primary_absinthium_seasonal_essential_oil_chemotype,"supports harvest-stage and yield covariates; antioxidant activity is not an anthelmintic or parasite-protein result",verified
C159,4.1,"Drying and storage altered A. absinthium volatile profiles through evaporation and chemical transformation of parent and daughter constituents",absinthium-storage-oil-2015,primary_absinthium_postharvest_storage_chemistry,"supports storage as a chemotaxonomic and assay covariate; does not establish efficacy or safety of any resulting profile",verified
C160,6.1,"A. annua chloroform, methanol, ethanol, and acetone leaf extracts and purified artemisinin killed Culex larvae, with chloroform extract more potent than artemisinin in the reported LC50/LC90 comparison",annua-culex-larvicide-2012,primary_annua_vector_larvicide_assay,"supports a vector-control extract/compound contrast; does not establish malaria treatment, causal terpene, or non-target safety",verified
C161,4;6.2,"Pressurized cyclic solid-liquid extraction recovered artemisinin and scopoletin from A. annua more efficiently and rapidly than traditional maceration in the tested material",annua-pcsl-extraction-2019,primary_annua_extraction_method_comparison,"supports a preparation/process comparison; does not establish clinical suitability, stability, native flux, or terpene-specific activity",verified
C162,5,"A nuclear SNP phylogeny sampling 228 Artemisia species and 258 samples recovered eight supported clades and showed that several traditional subgenera are not monophyletic",artemisia-global-phylogenomics-2023,primary_comparative_genome_evolution,"supports a genus-scale species-tree scaffold; does not establish terpene-gene orthology or metabolite evolution",verified
C163,5,"Genome-size measurements across 67 Artemisia species and 84 populations showed non-proportional polyploid genome expansion and 1Cx downsizing at high ploidy",artemisia-genome-size-polyploidy-2010,primary_genome_size_evolution,"supports cytotype and genome size as comparative covariates; does not predict TPS copy number or pathway function",verified
C164,5,"Chloroplast genomes from 38 A. annua strains resolved two lineages and 14 haplotypes with rich sequence polymorphism but no gene-content presence/absence difference",annua-chloroplast-heteroplasmy-2024,primary_annua_chloroplast_population_genomics,"supports accession-level plastome structure; does not establish nuclear terpene evolution or artemisinin causality",verified
C165,6.2,"Dried whole-plant A. annua overcame selected P. yoelii resistance to pure artemisinin and slowed stable P. chabaudi resistance under artificial selection",annua-whole-plant-resistance-2015,primary_whole_plant_rodent_malaria_and_resistance,"supports a preclinical multicomponent resistance-resilience phenotype; does not establish a human regimen or terpene causality",verified
C166,6.2,"Artemisinin combinations showed partner- and parasite-resistance-strain-specific synergy or antagonism in mouse malaria isobolograms",annua-artemisinin-drug-combinations-1987,primary_artemisinin_combination_and_resistance_assay,"supports interaction heterogeneity; does not identify plant-matrix constituents or replace current clinical guidance",verified
C167,4.1;6.2,"Ugandan A. annua from highland regions had higher artemisinin and total flavonoids than lowland material while camphor-rich aromatic oils were more similar",annua-uganda-chemotype-2015,primary_origin_dependent_antimalarial_chemotype_assay,"supports origin-dependent standardization; does not prove flavonoid/volatile synergy or clinical efficacy",verified
C168,3;4.1,"Aging from two weeks to three months was associated with increased artemisinin and coordinated changes in miR156/SPL, pathway-gene, and positive-regulator transcripts",annua-aging-artemisinin-2021,primary_age_dependent_artemisinin_regulation,"supports developmental regulatory correlation; does not establish causal small-RNA control or cross-species conservation",verified
C169,2.2;4.1,"Iranian Alborz A. absinthium oil yielded 1.3% and was dominated by beta-pinene and beta-thujone in a 28-component full-bloom sample",absinthium-iran-oil-2008,primary_wormwood_regional_essential_oil_chemotype,"supports a regional chemotype; does not define wormwood-wide composition, vermifuge efficacy, or safe thujone exposure",verified
C170,4.1;5,"Selection and clonal propagation produced A. annua genotypes exceeding 2% artemisinin and estimated field productivity up to 70 kg/ha",annua-high-genotype-clonal-propagation-2018,primary_annua_high_artemisinin_genotype_and_clonal_propagation,"supports genotype and propagation effects on production; does not establish natural evolution or parasite potency",verified
C171,2.1;5,"A proposed SCAR marker was present in selected A. annua and A. absinthium samples that also showed higher HPLC artemisinin than other tested species",artemisia-high-artemisinin-scar-2015,primary_cross_species_artemisinin_marker_and_quantification,"supports a preliminary marker-assisted selection hypothesis; marker validation and intact pathway function remain open",verified
