record_id,source_id,taxon,parasite,chemistry_resolution,phenotype_context,host_control,mechanistic_support,translation_level,overall_tier,appraisal_basis
P001,annua-leishmania,Artemisia annua,Leishmania donovani,C2_profiled_mixture,P2_direct_parasite_or_vector_in_vitro,S3_reported_selectivity_or_host_control,M1_phenotype_only_or_unresolved,T2_in_vitro_with_host_context,B_characterized_phenotype,chemistry=C2_profiled_mixture; phenotype=P2_direct_parasite_or_vector_in_vitro; host=S3_reported_selectivity_or_host_control; mechanism=M1_phenotype_only_or_unresolved; translation=T2_in_vitro_with_host_context; rule-based appraisal; inspect source and boundary text before inference
P002,annua-leishmania,Artemisia annua,Leishmania donovani,C2_profiled_mixture,P2_direct_parasite_or_vector_in_vitro,S2_partial_control,M1_phenotype_only_or_unresolved,T1_in_vitro_without_host_context,B_characterized_phenotype,chemistry=C2_profiled_mixture; phenotype=P2_direct_parasite_or_vector_in_vitro; host=S2_partial_control; mechanism=M1_phenotype_only_or_unresolved; translation=T1_in_vitro_without_host_context; rule-based appraisal; inspect source and boundary text before inference
P003,annua-leishmania,Artemisia annua,Leishmania donovani,C2_profiled_mixture,P3_in_vivo_or_organismal,S1_absent_or_unresolved,M1_phenotype_only_or_unresolved,T3_preclinical_in_vivo,C_phenotype_with_unresolved_attribution,chemistry=C2_profiled_mixture; phenotype=P3_in_vivo_or_organismal; host=S1_absent_or_unresolved; mechanism=M1_phenotype_only_or_unresolved; translation=T3_preclinical_in_vivo; rule-based appraisal; inspect source and boundary text before inference
P004,campestris-herba-alba-leishmania,Artemisia campestris,Leishmania infantum,C2_profiled_mixture,P2_direct_parasite_or_vector_in_vitro,S3_reported_selectivity_or_host_control,M2_hypothesis_or_stage_mechanism,T2_in_vitro_with_host_context,B_characterized_phenotype,chemistry=C2_profiled_mixture; phenotype=P2_direct_parasite_or_vector_in_vitro; host=S3_reported_selectivity_or_host_control; mechanism=M2_hypothesis_or_stage_mechanism; translation=T2_in_vitro_with_host_context; rule-based appraisal; inspect source and boundary text before inference
P005,campestris-herba-alba-leishmania,Artemisia herba-alba,Leishmania infantum,C2_profiled_mixture,P2_direct_parasite_or_vector_in_vitro,S3_reported_selectivity_or_host_control,M2_hypothesis_or_stage_mechanism,T2_in_vitro_with_host_context,B_characterized_phenotype,chemistry=C2_profiled_mixture; phenotype=P2_direct_parasite_or_vector_in_vitro; host=S3_reported_selectivity_or_host_control; mechanism=M2_hypothesis_or_stage_mechanism; translation=T2_in_vitro_with_host_context; rule-based appraisal; inspect source and boundary text before inference
P006,abyssinica-leishmania,Artemisia abyssinica,Leishmania donovani; L. aethiopica,C2_profiled_mixture,P2_direct_parasite_or_vector_in_vitro,S3_reported_selectivity_or_host_control,M1_phenotype_only_or_unresolved,T2_in_vitro_with_host_context,B_characterized_phenotype,chemistry=C2_profiled_mixture; phenotype=P2_direct_parasite_or_vector_in_vitro; host=S3_reported_selectivity_or_host_control; mechanism=M1_phenotype_only_or_unresolved; translation=T2_in_vitro_with_host_context; rule-based appraisal; inspect source and boundary text before inference
P007,campestris-helminth,Artemisia campestris,Haemonchus contortus; Heligmosomoides polygyrus,C2_profiled_mixture,P3_in_vivo_or_organismal,S1_absent_or_unresolved,M1_phenotype_only_or_unresolved,T3_preclinical_in_vivo,C_phenotype_with_unresolved_attribution,chemistry=C2_profiled_mixture; phenotype=P3_in_vivo_or_organismal; host=S1_absent_or_unresolved; mechanism=M1_phenotype_only_or_unresolved; translation=T3_preclinical_in_vivo; rule-based appraisal; inspect source and boundary text before inference
P008,gilvescens-mosquito,Artemisia gilvescens,Anopheles anthropophagus,C3_defined_or_purified,P2_direct_parasite_or_vector_in_vitro,S1_absent_or_unresolved,M1_phenotype_only_or_unresolved,T1_in_vitro_without_host_context,C_phenotype_with_unresolved_attribution,chemistry=C3_defined_or_purified; phenotype=P2_direct_parasite_or_vector_in_vitro; host=S1_absent_or_unresolved; mechanism=M1_phenotype_only_or_unresolved; translation=T1_in_vitro_without_host_context; rule-based appraisal; inspect source and boundary text before inference
P009,vestita-maritima-helminth,Artemisia vestita; Artemisia maritima,Haemonchus contortus,C1_crude_or_unresolved,P3_in_vivo_or_organismal,S2_partial_control,M1_phenotype_only_or_unresolved,T3_preclinical_in_vivo,C_phenotype_with_unresolved_attribution,chemistry=C1_crude_or_unresolved; phenotype=P3_in_vivo_or_organismal; host=S2_partial_control; mechanism=M1_phenotype_only_or_unresolved; translation=T3_preclinical_in_vivo; rule-based appraisal; inspect source and boundary text before inference
P010,ethiopian-trypanosome,Artemisia absinthium; A. abyssinica; A. afra; A. annua,Trypanosoma brucei brucei,C3_defined_or_purified,P2_direct_parasite_or_vector_in_vitro,S3_reported_selectivity_or_host_control,M1_phenotype_only_or_unresolved,T2_in_vitro_with_host_context,B_characterized_phenotype,chemistry=C3_defined_or_purified; phenotype=P2_direct_parasite_or_vector_in_vitro; host=S3_reported_selectivity_or_host_control; mechanism=M1_phenotype_only_or_unresolved; translation=T2_in_vitro_with_host_context; rule-based appraisal; inspect source and boundary text before inference
P011,indica-antiprotozoal,Artemisia indica,Plasmodium falciparum; Trypanosoma brucei; Trypanosoma cruzi,C2_profiled_mixture,P2_direct_parasite_or_vector_in_vitro,S3_reported_selectivity_or_host_control,M2_hypothesis_or_stage_mechanism,T2_in_vitro_with_host_context,B_characterized_phenotype,chemistry=C2_profiled_mixture; phenotype=P2_direct_parasite_or_vector_in_vitro; host=S3_reported_selectivity_or_host_control; mechanism=M2_hypothesis_or_stage_mechanism; translation=T2_in_vitro_with_host_context; rule-based appraisal; inspect source and boundary text before inference
P012,scoparia-callus-leishmania,Artemisia scoparia,Leishmania tropica,C2_profiled_mixture,P2_direct_parasite_or_vector_in_vitro,S1_absent_or_unresolved,M1_phenotype_only_or_unresolved,T1_in_vitro_without_host_context,C_phenotype_with_unresolved_attribution,chemistry=C2_profiled_mixture; phenotype=P2_direct_parasite_or_vector_in_vitro; host=S1_absent_or_unresolved; mechanism=M1_phenotype_only_or_unresolved; translation=T1_in_vitro_without_host_context; rule-based appraisal; inspect source and boundary text before inference
P013,gorgonum-antiplasmodial,Artemisia gorgonum,Plasmodium falciparum FcB1,C3_defined_or_purified,P2_direct_parasite_or_vector_in_vitro,S1_absent_or_unresolved,M1_phenotype_only_or_unresolved,T1_in_vitro_without_host_context,C_phenotype_with_unresolved_attribution,chemistry=C3_defined_or_purified; phenotype=P2_direct_parasite_or_vector_in_vitro; host=S1_absent_or_unresolved; mechanism=M1_phenotype_only_or_unresolved; translation=T1_in_vitro_without_host_context; rule-based appraisal; inspect source and boundary text before inference
P014,absinthium-cuba-leishmania,Artemisia absinthium,Leishmania amazonensis,C2_profiled_mixture,P3_in_vivo_or_organismal,S3_reported_selectivity_or_host_control,M1_phenotype_only_or_unresolved,T3_preclinical_in_vivo,B_characterized_phenotype,chemistry=C2_profiled_mixture; phenotype=P3_in_vivo_or_organismal; host=S3_reported_selectivity_or_host_control; mechanism=M1_phenotype_only_or_unresolved; translation=T3_preclinical_in_vivo; rule-based appraisal; inspect source and boundary text before inference
P015,absinthium-ovine-nematodes,Artemisia absinthium,ovine gastrointestinal nematodes,C1_crude_or_unresolved,P3_in_vivo_or_organismal,S2_partial_control,M1_phenotype_only_or_unresolved,T3_preclinical_in_vivo,C_phenotype_with_unresolved_attribution,chemistry=C1_crude_or_unresolved; phenotype=P3_in_vivo_or_organismal; host=S2_partial_control; mechanism=M1_phenotype_only_or_unresolved; translation=T3_preclinical_in_vivo; rule-based appraisal; inspect source and boundary text before inference
P016,absinthium-selective-nematocidal-oils,Artemisia absinthium,Trichinella spiralis; Meloidogyne javanica,C2_profiled_mixture,P3_in_vivo_or_organismal,S3_reported_selectivity_or_host_control,M1_phenotype_only_or_unresolved,T3_preclinical_in_vivo,B_characterized_phenotype,chemistry=C2_profiled_mixture; phenotype=P3_in_vivo_or_organismal; host=S3_reported_selectivity_or_host_control; mechanism=M1_phenotype_only_or_unresolved; translation=T3_preclinical_in_vivo; rule-based appraisal; inspect source and boundary text before inference
P017,absinthium-wormwood-lambs,Artemisia absinthium,Haemonchus contortus,C1_crude_or_unresolved,P2_direct_parasite_or_vector_in_vitro,S2_partial_control,M1_phenotype_only_or_unresolved,T1_in_vitro_without_host_context,C_phenotype_with_unresolved_attribution,chemistry=C1_crude_or_unresolved; phenotype=P2_direct_parasite_or_vector_in_vitro; host=S2_partial_control; mechanism=M1_phenotype_only_or_unresolved; translation=T1_in_vitro_without_host_context; rule-based appraisal; inspect source and boundary text before inference
P018,absinthium-swine-parasites,Artemisia absinthium,gastrointestinal parasites in swine,C1_crude_or_unresolved,P3_in_vivo_or_organismal,S1_absent_or_unresolved,M1_phenotype_only_or_unresolved,T3_preclinical_in_vivo,C_phenotype_with_unresolved_attribution,chemistry=C1_crude_or_unresolved; phenotype=P3_in_vivo_or_organismal; host=S1_absent_or_unresolved; mechanism=M1_phenotype_only_or_unresolved; translation=T3_preclinical_in_vivo; rule-based appraisal; inspect source and boundary text before inference
P019,absinthium-awassi-nematodes,Artemisia absinthium,gastrointestinal nematodes in Awassi sheep,C1_crude_or_unresolved,P3_in_vivo_or_organismal,S1_absent_or_unresolved,M1_phenotype_only_or_unresolved,T3_preclinical_in_vivo,C_phenotype_with_unresolved_attribution,chemistry=C1_crude_or_unresolved; phenotype=P3_in_vivo_or_organismal; host=S1_absent_or_unresolved; mechanism=M1_phenotype_only_or_unresolved; translation=T3_preclinical_in_vivo; rule-based appraisal; inspect source and boundary text before inference
P020,annua-whole-plant-resistance,Artemisia annua,Plasmodium yoelii; Plasmodium chabaudi,C1_crude_or_unresolved,P3_in_vivo_or_organismal,S1_absent_or_unresolved,M1_phenotype_only_or_unresolved,T3_preclinical_in_vivo,C_phenotype_with_unresolved_attribution,chemistry=C1_crude_or_unresolved; phenotype=P3_in_vivo_or_organismal; host=S1_absent_or_unresolved; mechanism=M1_phenotype_only_or_unresolved; translation=T3_preclinical_in_vivo; rule-based appraisal; inspect source and boundary text before inference
P021,annua-whole-leaf-flavonoid,Artemisia annua,Plasmodium falciparum Dd2,C1_crude_or_unresolved,P2_direct_parasite_or_vector_in_vitro,S1_absent_or_unresolved,M1_phenotype_only_or_unresolved,T1_in_vitro_without_host_context,C_phenotype_with_unresolved_attribution,chemistry=C1_crude_or_unresolved; phenotype=P2_direct_parasite_or_vector_in_vitro; host=S1_absent_or_unresolved; mechanism=M1_phenotype_only_or_unresolved; translation=T1_in_vitro_without_host_context; rule-based appraisal; inspect source and boundary text before inference
P022,annua-led-antimalarial,Artemisia annua,Plasmodium falciparum NF54,C2_profiled_mixture,P2_direct_parasite_or_vector_in_vitro,S1_absent_or_unresolved,M2_hypothesis_or_stage_mechanism,T1_in_vitro_without_host_context,C_phenotype_with_unresolved_attribution,chemistry=C2_profiled_mixture; phenotype=P2_direct_parasite_or_vector_in_vitro; host=S1_absent_or_unresolved; mechanism=M2_hypothesis_or_stage_mechanism; translation=T1_in_vitro_without_host_context; rule-based appraisal; inspect source and boundary text before inference
P023,absinthium-schistosoma,Artemisia absinthium,Schistosoma mansoni,C2_profiled_mixture,P2_direct_parasite_or_vector_in_vitro,S1_absent_or_unresolved,M1_phenotype_only_or_unresolved,T1_in_vitro_without_host_context,C_phenotype_with_unresolved_attribution,chemistry=C2_profiled_mixture; phenotype=P2_direct_parasite_or_vector_in_vitro; host=S1_absent_or_unresolved; mechanism=M1_phenotype_only_or_unresolved; translation=T1_in_vitro_without_host_context; rule-based appraisal; inspect source and boundary text before inference
P024,absinthium-nanocochleate-leishmania,Artemisia absinthium,Leishmania amazonensis,C2_profiled_mixture,P2_direct_parasite_or_vector_in_vitro,S1_absent_or_unresolved,M1_phenotype_only_or_unresolved,T1_in_vitro_without_host_context,C_phenotype_with_unresolved_attribution,chemistry=C2_profiled_mixture; phenotype=P2_direct_parasite_or_vector_in_vitro; host=S1_absent_or_unresolved; mechanism=M1_phenotype_only_or_unresolved; translation=T1_in_vitro_without_host_context; rule-based appraisal; inspect source and boundary text before inference
P025,annua-extract-pk-synergy-2026,Artemisia annua,Plasmodium falciparum Pf3D7; Plasmodium yoelii,C3_defined_or_purified,P3_in_vivo_or_organismal,S1_absent_or_unresolved,M1_phenotype_only_or_unresolved,T3_preclinical_in_vivo,C_phenotype_with_unresolved_attribution,chemistry=C3_defined_or_purified; phenotype=P3_in_vivo_or_organismal; host=S1_absent_or_unresolved; mechanism=M1_phenotype_only_or_unresolved; translation=T3_preclinical_in_vivo; rule-based appraisal; inspect source and boundary text before inference
P026,annua-chrysosplenetin-resistance-2025,Artemisia annua,Plasmodium berghei K173,C3_defined_or_purified,P3_in_vivo_or_organismal,S1_absent_or_unresolved,M2_hypothesis_or_stage_mechanism,T3_preclinical_in_vivo,C_phenotype_with_unresolved_attribution,chemistry=C3_defined_or_purified; phenotype=P3_in_vivo_or_organismal; host=S1_absent_or_unresolved; mechanism=M2_hypothesis_or_stage_mechanism; translation=T3_preclinical_in_vivo; rule-based appraisal; inspect source and boundary text before inference
P027,absinthium-european-tinctures-2025,Artemisia absinthium,Haemonchus contortus; Strongyloides papillosus,C1_crude_or_unresolved,P2_direct_parasite_or_vector_in_vitro,S1_absent_or_unresolved,M1_phenotype_only_or_unresolved,T1_in_vitro_without_host_context,C_phenotype_with_unresolved_attribution,chemistry=C1_crude_or_unresolved; phenotype=P2_direct_parasite_or_vector_in_vitro; host=S1_absent_or_unresolved; mechanism=M1_phenotype_only_or_unresolved; translation=T1_in_vitro_without_host_context; rule-based appraisal; inspect source and boundary text before inference
P028,afra-annua-metabolomics-malaria-2025,Artemisia annua; Artemisia afra,Plasmodium falciparum,C1_crude_or_unresolved,P2_direct_parasite_or_vector_in_vitro,S1_absent_or_unresolved,M2_hypothesis_or_stage_mechanism,T1_in_vitro_without_host_context,C_phenotype_with_unresolved_attribution,chemistry=C1_crude_or_unresolved; phenotype=P2_direct_parasite_or_vector_in_vitro; host=S1_absent_or_unresolved; mechanism=M2_hypothesis_or_stage_mechanism; translation=T1_in_vitro_without_host_context; rule-based appraisal; inspect source and boundary text before inference
P029,annua-natural-combination-malaria-2018,Artemisia annua,Plasmodium yoelii; Plasmodium berghei,C1_crude_or_unresolved,P3_in_vivo_or_organismal,S1_absent_or_unresolved,M1_phenotype_only_or_unresolved,T3_preclinical_in_vivo,C_phenotype_with_unresolved_attribution,chemistry=C1_crude_or_unresolved; phenotype=P3_in_vivo_or_organismal; host=S1_absent_or_unresolved; mechanism=M1_phenotype_only_or_unresolved; translation=T3_preclinical_in_vivo; rule-based appraisal; inspect source and boundary text before inference
P030,herba-alba-judaica-ascaridia-2026,Artemisia herba-alba; Artemisia judaica,Ascaridia galli,C1_crude_or_unresolved,P3_in_vivo_or_organismal,S1_absent_or_unresolved,M2_hypothesis_or_stage_mechanism,T3_preclinical_in_vivo,C_phenotype_with_unresolved_attribution,chemistry=C1_crude_or_unresolved; phenotype=P3_in_vivo_or_organismal; host=S1_absent_or_unresolved; mechanism=M2_hypothesis_or_stage_mechanism; translation=T3_preclinical_in_vivo; rule-based appraisal; inspect source and boundary text before inference
P031,annua-top-down-synergy-2024,Artemisia annua,Plasmodium falciparum; Plasmodium yoelii,C3_defined_or_purified,P3_in_vivo_or_organismal,S1_absent_or_unresolved,M1_phenotype_only_or_unresolved,T3_preclinical_in_vivo,C_phenotype_with_unresolved_attribution,chemistry=C3_defined_or_purified; phenotype=P3_in_vivo_or_organismal; host=S1_absent_or_unresolved; mechanism=M1_phenotype_only_or_unresolved; translation=T3_preclinical_in_vivo; rule-based appraisal; inspect source and boundary text before inference
P032,annua-haemonchus-sheep-2014,Artemisia annua,Haemonchus contortus and mixed ovine gastrointestinal nematodes,C3_defined_or_purified,P3_in_vivo_or_organismal,S1_absent_or_unresolved,M1_phenotype_only_or_unresolved,T3_preclinical_in_vivo,C_phenotype_with_unresolved_attribution,chemistry=C3_defined_or_purified; phenotype=P3_in_vivo_or_organismal; host=S1_absent_or_unresolved; mechanism=M1_phenotype_only_or_unresolved; translation=T3_preclinical_in_vivo; rule-based appraisal; inspect source and boundary text before inference
P033,brevifolia-anthelmintic-sheep-2004,Artemisia brevifolia,Haemonchus contortus and mixed gastrointestinal nematodes,C1_crude_or_unresolved,P3_in_vivo_or_organismal,S1_absent_or_unresolved,M1_phenotype_only_or_unresolved,T3_preclinical_in_vivo,C_phenotype_with_unresolved_attribution,chemistry=C1_crude_or_unresolved; phenotype=P3_in_vivo_or_organismal; host=S1_absent_or_unresolved; mechanism=M1_phenotype_only_or_unresolved; translation=T3_preclinical_in_vivo; rule-based appraisal; inspect source and boundary text before inference
P034,herba-alba-haemonchus-crude-extract-2020,Artemisia herba-alba,Haemonchus contortus,C1_crude_or_unresolved,P2_direct_parasite_or_vector_in_vitro,S3_reported_selectivity_or_host_control,M1_phenotype_only_or_unresolved,T2_in_vitro_with_host_context,C_phenotype_with_unresolved_attribution,chemistry=C1_crude_or_unresolved; phenotype=P2_direct_parasite_or_vector_in_vitro; host=S3_reported_selectivity_or_host_control; mechanism=M1_phenotype_only_or_unresolved; translation=T2_in_vitro_with_host_context; rule-based appraisal; inspect source and boundary text before inference
P035,annua-ancient-preparation-malaria-2010,Artemisia annua,Plasmodium falciparum; Plasmodium berghei,C1_crude_or_unresolved,P3_in_vivo_or_organismal,S1_absent_or_unresolved,M1_phenotype_only_or_unresolved,T3_preclinical_in_vivo,C_phenotype_with_unresolved_attribution,chemistry=C1_crude_or_unresolved; phenotype=P3_in_vivo_or_organismal; host=S1_absent_or_unresolved; mechanism=M1_phenotype_only_or_unresolved; translation=T3_preclinical_in_vivo; rule-based appraisal; inspect source and boundary text before inference
P036,annua-whole-plant-antimalarial-2012,Artemisia annua,Plasmodium chabaudi,C1_crude_or_unresolved,P3_in_vivo_or_organismal,S1_absent_or_unresolved,M1_phenotype_only_or_unresolved,T3_preclinical_in_vivo,C_phenotype_with_unresolved_attribution,chemistry=C1_crude_or_unresolved; phenotype=P3_in_vivo_or_organismal; host=S1_absent_or_unresolved; mechanism=M1_phenotype_only_or_unresolved; translation=T3_preclinical_in_vivo; rule-based appraisal; inspect source and boundary text before inference
P037,annua-tea-artemisinin-only-2013,Artemisia annua,Plasmodium falciparum,C1_crude_or_unresolved,P2_direct_parasite_or_vector_in_vitro,S1_absent_or_unresolved,M1_phenotype_only_or_unresolved,T1_in_vitro_without_host_context,C_phenotype_with_unresolved_attribution,chemistry=C1_crude_or_unresolved; phenotype=P2_direct_parasite_or_vector_in_vitro; host=S1_absent_or_unresolved; mechanism=M1_phenotype_only_or_unresolved; translation=T1_in_vitro_without_host_context; rule-based appraisal; inspect source and boundary text before inference
P038,annua-gametocyte-tea-2021,Artemisia annua; Artemisia afra,Plasmodium falciparum NF54,C1_crude_or_unresolved,P2_direct_parasite_or_vector_in_vitro,S1_absent_or_unresolved,M1_phenotype_only_or_unresolved,T1_in_vitro_without_host_context,C_phenotype_with_unresolved_attribution,chemistry=C1_crude_or_unresolved; phenotype=P2_direct_parasite_or_vector_in_vitro; host=S1_absent_or_unresolved; mechanism=M1_phenotype_only_or_unresolved; translation=T1_in_vitro_without_host_context; rule-based appraisal; inspect source and boundary text before inference
P039,annua-complex-antimalarial-invitro-2021,Artemisia annua; Artemisia afra,Plasmodium falciparum 3D7; MRA1252/1240; Cam3.11/Cam3.11rev,C1_crude_or_unresolved,P2_direct_parasite_or_vector_in_vitro,S1_absent_or_unresolved,M2_hypothesis_or_stage_mechanism,T1_in_vitro_without_host_context,C_phenotype_with_unresolved_attribution,chemistry=C1_crude_or_unresolved; phenotype=P2_direct_parasite_or_vector_in_vitro; host=S1_absent_or_unresolved; mechanism=M2_hypothesis_or_stage_mechanism; translation=T1_in_vitro_without_host_context; rule-based appraisal; inspect source and boundary text before inference
P040,artemisia-infusions-hypnozoite-2022,Artemisia annua; Artemisia afra,Plasmodium falciparum; P. vivax; P. cynomolgi,C1_crude_or_unresolved,P2_direct_parasite_or_vector_in_vitro,S2_partial_control,M1_phenotype_only_or_unresolved,T1_in_vitro_without_host_context,C_phenotype_with_unresolved_attribution,chemistry=C1_crude_or_unresolved; phenotype=P2_direct_parasite_or_vector_in_vitro; host=S2_partial_control; mechanism=M1_phenotype_only_or_unresolved; translation=T1_in_vitro_without_host_context; rule-based appraisal; inspect source and boundary text before inference
P041,absinthium-hymenolepis-2018,Artemisia absinthium,Hymenolepis nana,C1_crude_or_unresolved,P2_direct_parasite_or_vector_in_vitro,S1_absent_or_unresolved,M1_phenotype_only_or_unresolved,T1_in_vitro_without_host_context,C_phenotype_with_unresolved_attribution,chemistry=C1_crude_or_unresolved; phenotype=P2_direct_parasite_or_vector_in_vitro; host=S1_absent_or_unresolved; mechanism=M1_phenotype_only_or_unresolved; translation=T1_in_vitro_without_host_context; rule-based appraisal; inspect source and boundary text before inference
P042,absinthium-toxocara-2011,Artemisia absinthium,Toxocara cati,C1_crude_or_unresolved,P2_direct_parasite_or_vector_in_vitro,S2_partial_control,M2_hypothesis_or_stage_mechanism,T1_in_vitro_without_host_context,C_phenotype_with_unresolved_attribution,chemistry=C1_crude_or_unresolved; phenotype=P2_direct_parasite_or_vector_in_vitro; host=S2_partial_control; mechanism=M2_hypothesis_or_stage_mechanism; translation=T1_in_vitro_without_host_context; rule-based appraisal; inspect source and boundary text before inference
P043,campestris-haemonchus-2014,Artemisia campestris,Haemonchus contortus,C1_crude_or_unresolved,P2_direct_parasite_or_vector_in_vitro,S1_absent_or_unresolved,M1_phenotype_only_or_unresolved,T1_in_vitro_without_host_context,C_phenotype_with_unresolved_attribution,chemistry=C1_crude_or_unresolved; phenotype=P2_direct_parasite_or_vector_in_vitro; host=S1_absent_or_unresolved; mechanism=M1_phenotype_only_or_unresolved; translation=T1_in_vitro_without_host_context; rule-based appraisal; inspect source and boundary text before inference
P044,indica-roxburghiana-nematodes-2015,Artemisia indica; Artemisia roxburghiana,mixed gastrointestinal nematodes,C1_crude_or_unresolved,P2_direct_parasite_or_vector_in_vitro,S1_absent_or_unresolved,M1_phenotype_only_or_unresolved,T1_in_vitro_without_host_context,C_phenotype_with_unresolved_attribution,chemistry=C1_crude_or_unresolved; phenotype=P2_direct_parasite_or_vector_in_vitro; host=S1_absent_or_unresolved; mechanism=M1_phenotype_only_or_unresolved; translation=T1_in_vitro_without_host_context; rule-based appraisal; inspect source and boundary text before inference
P045,cina-haemonchus-gerbil-2021,Artemisia cina,Haemonchus contortus,C1_crude_or_unresolved,P2_direct_parasite_or_vector_in_vitro,S1_absent_or_unresolved,M1_phenotype_only_or_unresolved,T1_in_vitro_without_host_context,C_phenotype_with_unresolved_attribution,chemistry=C1_crude_or_unresolved; phenotype=P2_direct_parasite_or_vector_in_vitro; host=S1_absent_or_unresolved; mechanism=M1_phenotype_only_or_unresolved; translation=T1_in_vitro_without_host_context; rule-based appraisal; inspect source and boundary text before inference
P046,herba-alba-goat-haemonchus-1982,Artemisia herba-alba,Haemonchus contortus,C1_crude_or_unresolved,P3_in_vivo_or_organismal,S1_absent_or_unresolved,M1_phenotype_only_or_unresolved,T3_preclinical_in_vivo,C_phenotype_with_unresolved_attribution,chemistry=C1_crude_or_unresolved; phenotype=P3_in_vivo_or_organismal; host=S1_absent_or_unresolved; mechanism=M1_phenotype_only_or_unresolved; translation=T3_preclinical_in_vivo; rule-based appraisal; inspect source and boundary text before inference
P047,afra-powder-malaria-2024,Artemisia afra,Plasmodium berghei,C1_crude_or_unresolved,P3_in_vivo_or_organismal,S1_absent_or_unresolved,M1_phenotype_only_or_unresolved,T3_preclinical_in_vivo,C_phenotype_with_unresolved_attribution,chemistry=C1_crude_or_unresolved; phenotype=P3_in_vivo_or_organismal; host=S1_absent_or_unresolved; mechanism=M1_phenotype_only_or_unresolved; translation=T3_preclinical_in_vivo; rule-based appraisal; inspect source and boundary text before inference
P048,ludoviciana-fasciola-2023,Artemisia ludoviciana subsp. mexicana,Fasciola hepatica,C1_crude_or_unresolved,P2_direct_parasite_or_vector_in_vitro,S2_partial_control,M1_phenotype_only_or_unresolved,T1_in_vitro_without_host_context,C_phenotype_with_unresolved_attribution,chemistry=C1_crude_or_unresolved; phenotype=P2_direct_parasite_or_vector_in_vitro; host=S2_partial_control; mechanism=M1_phenotype_only_or_unresolved; translation=T1_in_vitro_without_host_context; rule-based appraisal; inspect source and boundary text before inference
P049,cina-peruvin-synergy-2024,Artemisia cina,Haemonchus contortus,C3_defined_or_purified,P2_direct_parasite_or_vector_in_vitro,S1_absent_or_unresolved,M1_phenotype_only_or_unresolved,T1_in_vitro_without_host_context,C_phenotype_with_unresolved_attribution,chemistry=C3_defined_or_purified; phenotype=P2_direct_parasite_or_vector_in_vitro; host=S1_absent_or_unresolved; mechanism=M1_phenotype_only_or_unresolved; translation=T1_in_vitro_without_host_context; rule-based appraisal; inspect source and boundary text before inference
P050,herba-alba-cattle-haemonchus-2025,Artemisia herba-alba,Haemonchus contortus,C1_crude_or_unresolved,P2_direct_parasite_or_vector_in_vitro,S1_absent_or_unresolved,M1_phenotype_only_or_unresolved,T1_in_vitro_without_host_context,C_phenotype_with_unresolved_attribution,chemistry=C1_crude_or_unresolved; phenotype=P2_direct_parasite_or_vector_in_vitro; host=S1_absent_or_unresolved; mechanism=M1_phenotype_only_or_unresolved; translation=T1_in_vitro_without_host_context; rule-based appraisal; inspect source and boundary text before inference
P051,absinthium-goat-nematodes-2025,Artemisia absinthium,goat gastrointestinal nematodes,C1_crude_or_unresolved,P3_in_vivo_or_organismal,S1_absent_or_unresolved,M1_phenotype_only_or_unresolved,T3_preclinical_in_vivo,C_phenotype_with_unresolved_attribution,chemistry=C1_crude_or_unresolved; phenotype=P3_in_vivo_or_organismal; host=S1_absent_or_unresolved; mechanism=M1_phenotype_only_or_unresolved; translation=T3_preclinical_in_vivo; rule-based appraisal; inspect source and boundary text before inference
P052,vulgaris-fasciola-2023,Artemisia vulgaris,Fasciola gigantica,C1_crude_or_unresolved,P2_direct_parasite_or_vector_in_vitro,S1_absent_or_unresolved,M1_phenotype_only_or_unresolved,T1_in_vitro_without_host_context,C_phenotype_with_unresolved_attribution,chemistry=C1_crude_or_unresolved; phenotype=P2_direct_parasite_or_vector_in_vitro; host=S1_absent_or_unresolved; mechanism=M1_phenotype_only_or_unresolved; translation=T1_in_vitro_without_host_context; rule-based appraisal; inspect source and boundary text before inference
P053,kermanensis-leishmania-2023,Artemisia kermanensis,Leishmania major,C3_defined_or_purified,P2_direct_parasite_or_vector_in_vitro,S3_reported_selectivity_or_host_control,M1_phenotype_only_or_unresolved,T2_in_vitro_with_host_context,B_characterized_phenotype,chemistry=C3_defined_or_purified; phenotype=P2_direct_parasite_or_vector_in_vitro; host=S3_reported_selectivity_or_host_control; mechanism=M1_phenotype_only_or_unresolved; translation=T2_in_vitro_with_host_context; rule-based appraisal; inspect source and boundary text before inference
P054,annua-hydrotrope-antimalarial-2024,Artemisia annua,Plasmodium falciparum,C1_crude_or_unresolved,P2_direct_parasite_or_vector_in_vitro,S1_absent_or_unresolved,M1_phenotype_only_or_unresolved,T1_in_vitro_without_host_context,C_phenotype_with_unresolved_attribution,chemistry=C1_crude_or_unresolved; phenotype=P2_direct_parasite_or_vector_in_vitro; host=S1_absent_or_unresolved; mechanism=M1_phenotype_only_or_unresolved; translation=T1_in_vitro_without_host_context; rule-based appraisal; inspect source and boundary text before inference
P055,annua-standardized-leishmania-2025,Artemisia annua,Leishmania infantum,C1_crude_or_unresolved,P2_direct_parasite_or_vector_in_vitro,S3_reported_selectivity_or_host_control,M1_phenotype_only_or_unresolved,T2_in_vitro_with_host_context,C_phenotype_with_unresolved_attribution,chemistry=C1_crude_or_unresolved; phenotype=P2_direct_parasite_or_vector_in_vitro; host=S3_reported_selectivity_or_host_control; mechanism=M1_phenotype_only_or_unresolved; translation=T2_in_vitro_with_host_context; rule-based appraisal; inspect source and boundary text before inference
P056,cina-silver-nanoparticles-helminth-2025,Artemisia cina,Haemonchus contortus,C1_crude_or_unresolved,P2_direct_parasite_or_vector_in_vitro,S1_absent_or_unresolved,M1_phenotype_only_or_unresolved,T1_in_vitro_without_host_context,C_phenotype_with_unresolved_attribution,chemistry=C1_crude_or_unresolved; phenotype=P2_direct_parasite_or_vector_in_vitro; host=S1_absent_or_unresolved; mechanism=M1_phenotype_only_or_unresolved; translation=T1_in_vitro_without_host_context; rule-based appraisal; inspect source and boundary text before inference
P057,absinthium-haemonchus-medicinal-plants-2018,Artemisia absinthium,Haemonchus contortus,C1_crude_or_unresolved,P2_direct_parasite_or_vector_in_vitro,S1_absent_or_unresolved,M1_phenotype_only_or_unresolved,T1_in_vitro_without_host_context,C_phenotype_with_unresolved_attribution,chemistry=C1_crude_or_unresolved; phenotype=P2_direct_parasite_or_vector_in_vitro; host=S1_absent_or_unresolved; mechanism=M1_phenotype_only_or_unresolved; translation=T1_in_vitro_without_host_context; rule-based appraisal; inspect source and boundary text before inference
P058,absinthium-ascaris-embryogenesis-2022,Artemisia absinthium,Ascaris suum,C1_crude_or_unresolved,P2_direct_parasite_or_vector_in_vitro,S1_absent_or_unresolved,M1_phenotype_only_or_unresolved,T1_in_vitro_without_host_context,C_phenotype_with_unresolved_attribution,chemistry=C1_crude_or_unresolved; phenotype=P2_direct_parasite_or_vector_in_vitro; host=S1_absent_or_unresolved; mechanism=M1_phenotype_only_or_unresolved; translation=T1_in_vitro_without_host_context; rule-based appraisal; inspect source and boundary text before inference
P059,cina-bioassay-sesquiterpene,Artemisia cina,Haemonchus contortus L3,C3_defined_or_purified,P2_direct_parasite_or_vector_in_vitro,S1_absent_or_unresolved,M1_phenotype_only_or_unresolved,T1_in_vitro_without_host_context,C_phenotype_with_unresolved_attribution,chemistry=C3_defined_or_purified; phenotype=P2_direct_parasite_or_vector_in_vitro; host=S1_absent_or_unresolved; mechanism=M1_phenotype_only_or_unresolved; translation=T1_in_vitro_without_host_context; rule-based appraisal; inspect source and boundary text before inference
P060,stl-tcruzi-pcd-2014,Artemisia douglassiana,Trypanosoma cruzi,C3_defined_or_purified,P2_direct_parasite_or_vector_in_vitro,S1_absent_or_unresolved,M2_hypothesis_or_stage_mechanism,T1_in_vitro_without_host_context,C_phenotype_with_unresolved_attribution,chemistry=C3_defined_or_purified; phenotype=P2_direct_parasite_or_vector_in_vitro; host=S1_absent_or_unresolved; mechanism=M2_hypothesis_or_stage_mechanism; translation=T1_in_vitro_without_host_context; rule-based appraisal; inspect source and boundary text before inference
P061,absinthium-dracunculus-rootnematodes-2026,Artemisia absinthium; Artemisia dracunculus,root-knot nematodes and stored-product insects,C2_profiled_mixture,P2_direct_parasite_or_vector_in_vitro,S1_absent_or_unresolved,M1_phenotype_only_or_unresolved,T1_in_vitro_without_host_context,C_phenotype_with_unresolved_attribution,chemistry=C2_profiled_mixture; phenotype=P2_direct_parasite_or_vector_in_vitro; host=S1_absent_or_unresolved; mechanism=M1_phenotype_only_or_unresolved; translation=T1_in_vitro_without_host_context; rule-based appraisal; inspect source and boundary text before inference
P062,absinthium-goat-coccidiosis-2013,Artemisia absinthium,Eimeria spp.,C1_crude_or_unresolved,P3_in_vivo_or_organismal,S2_partial_control,M1_phenotype_only_or_unresolved,T3_preclinical_in_vivo,C_phenotype_with_unresolved_attribution,chemistry=C1_crude_or_unresolved; phenotype=P3_in_vivo_or_organismal; host=S2_partial_control; mechanism=M1_phenotype_only_or_unresolved; translation=T3_preclinical_in_vivo; rule-based appraisal; inspect source and boundary text before inference
P063,sieberi-poultry-mite-2017,Artemisia sieberi,Dermanyssus gallinae,C2_profiled_mixture,P2_direct_parasite_or_vector_in_vitro,S2_partial_control,M1_phenotype_only_or_unresolved,T1_in_vitro_without_host_context,B_characterized_phenotype,chemistry=C2_profiled_mixture; phenotype=P2_direct_parasite_or_vector_in_vitro; host=S2_partial_control; mechanism=M1_phenotype_only_or_unresolved; translation=T1_in_vitro_without_host_context; rule-based appraisal; inspect source and boundary text before inference
P064,sieberi-artemisinin-coccidia-2007,Artemisia sieberi,Eimeria tenella; Eimeria acervulina; Eimeria maxima,C2_profiled_mixture,P3_in_vivo_or_organismal,S2_partial_control,M1_phenotype_only_or_unresolved,T3_preclinical_in_vivo,B_characterized_phenotype,chemistry=C2_profiled_mixture; phenotype=P3_in_vivo_or_organismal; host=S2_partial_control; mechanism=M1_phenotype_only_or_unresolved; translation=T3_preclinical_in_vivo; rule-based appraisal; inspect source and boundary text before inference
P065,absinthium-extraction-acaricide-2001,Artemisia absinthium,Tetranychus urticae,C2_profiled_mixture,P2_direct_parasite_or_vector_in_vitro,S1_absent_or_unresolved,M1_phenotype_only_or_unresolved,T1_in_vitro_without_host_context,C_phenotype_with_unresolved_attribution,chemistry=C2_profiled_mixture; phenotype=P2_direct_parasite_or_vector_in_vitro; host=S1_absent_or_unresolved; mechanism=M1_phenotype_only_or_unresolved; translation=T1_in_vitro_without_host_context; rule-based appraisal; inspect source and boundary text before inference
P066,indica-antimalarial-principles-1998,Artemisia indica,Plasmodium falciparum,C3_defined_or_purified,P2_direct_parasite_or_vector_in_vitro,S1_absent_or_unresolved,M2_hypothesis_or_stage_mechanism,T1_in_vitro_without_host_context,C_phenotype_with_unresolved_attribution,chemistry=C3_defined_or_purified; phenotype=P2_direct_parasite_or_vector_in_vitro; host=S1_absent_or_unresolved; mechanism=M2_hypothesis_or_stage_mechanism; translation=T1_in_vitro_without_host_context; rule-based appraisal; inspect source and boundary text before inference
P067,annua-gelatin-capsule-malaria-1992,Artemisia annua,Plasmodium berghei; Plasmodium vivax,C1_crude_or_unresolved,P3_in_vivo_or_organismal,S2_partial_control,M1_phenotype_only_or_unresolved,T3_preclinical_in_vivo,C_phenotype_with_unresolved_attribution,chemistry=C1_crude_or_unresolved; phenotype=P3_in_vivo_or_organismal; host=S2_partial_control; mechanism=M1_phenotype_only_or_unresolved; translation=T3_preclinical_in_vivo; rule-based appraisal; inspect source and boundary text before inference
P068,stl-leishmania-mexicana,Artemisia species,Leishmania mexicana,C3_defined_or_purified,P2_direct_parasite_or_vector_in_vitro,S3_reported_selectivity_or_host_control,M2_hypothesis_or_stage_mechanism,T2_in_vitro_with_host_context,B_characterized_phenotype,chemistry=C3_defined_or_purified; phenotype=P2_direct_parasite_or_vector_in_vitro; host=S3_reported_selectivity_or_host_control; mechanism=M2_hypothesis_or_stage_mechanism; translation=T2_in_vitro_with_host_context; rule-based appraisal; inspect source and boundary text before inference
P069,absinthium-leishmania,Artemisia absinthium,Leishmania aethiopica; Leishmania donovani,C2_profiled_mixture,P2_direct_parasite_or_vector_in_vitro,S3_reported_selectivity_or_host_control,M1_phenotype_only_or_unresolved,T2_in_vitro_with_host_context,B_characterized_phenotype,chemistry=C2_profiled_mixture; phenotype=P2_direct_parasite_or_vector_in_vitro; host=S3_reported_selectivity_or_host_control; mechanism=M1_phenotype_only_or_unresolved; translation=T2_in_vitro_with_host_context; rule-based appraisal; inspect source and boundary text before inference
P070,sieberi-malaria,Artemisia sieberi,Plasmodium berghei,C1_crude_or_unresolved,P3_in_vivo_or_organismal,S2_partial_control,M1_phenotype_only_or_unresolved,T3_preclinical_in_vivo,C_phenotype_with_unresolved_attribution,chemistry=C1_crude_or_unresolved; phenotype=P3_in_vivo_or_organismal; host=S2_partial_control; mechanism=M1_phenotype_only_or_unresolved; translation=T3_preclinical_in_vivo; rule-based appraisal; inspect source and boundary text before inference
P071,khorassanica-malaria,Artemisia khorassanica,Plasmodium berghei,C2_profiled_mixture,P3_in_vivo_or_organismal,S2_partial_control,M1_phenotype_only_or_unresolved,T3_preclinical_in_vivo,B_characterized_phenotype,chemistry=C2_profiled_mixture; phenotype=P3_in_vivo_or_organismal; host=S2_partial_control; mechanism=M1_phenotype_only_or_unresolved; translation=T3_preclinical_in_vivo; rule-based appraisal; inspect source and boundary text before inference
P072,absinthium-ovine-nematodes,Artemisia absinthium,ovine gastrointestinal nematodes including Haemonchus contortus,C1_crude_or_unresolved,P3_in_vivo_or_organismal,S2_partial_control,M1_phenotype_only_or_unresolved,T3_preclinical_in_vivo,C_phenotype_with_unresolved_attribution,chemistry=C1_crude_or_unresolved; phenotype=P3_in_vivo_or_organismal; host=S2_partial_control; mechanism=M1_phenotype_only_or_unresolved; translation=T3_preclinical_in_vivo; rule-based appraisal; inspect source and boundary text before inference
P073,absinthium-wormwood-lambs,Artemisia absinthium,Haemonchus contortus,C1_crude_or_unresolved,P2_direct_parasite_or_vector_in_vitro,S2_partial_control,M1_phenotype_only_or_unresolved,T1_in_vitro_without_host_context,C_phenotype_with_unresolved_attribution,chemistry=C1_crude_or_unresolved; phenotype=P2_direct_parasite_or_vector_in_vitro; host=S2_partial_control; mechanism=M1_phenotype_only_or_unresolved; translation=T1_in_vitro_without_host_context; rule-based appraisal; inspect source and boundary text before inference
P074,absinthium-awassi-nematodes,Artemisia absinthium,gastrointestinal nematodes in naturally infected Awassi sheep,C1_crude_or_unresolved,P3_in_vivo_or_organismal,S2_partial_control,M1_phenotype_only_or_unresolved,T3_preclinical_in_vivo,C_phenotype_with_unresolved_attribution,chemistry=C1_crude_or_unresolved; phenotype=P3_in_vivo_or_organismal; host=S2_partial_control; mechanism=M1_phenotype_only_or_unresolved; translation=T3_preclinical_in_vivo; rule-based appraisal; inspect source and boundary text before inference
P075,annua-silicon-trichome-toxoplasma-2016,Artemisia annua,Toxoplasma gondii,C2_profiled_mixture,P2_direct_parasite_or_vector_in_vitro,S3_reported_selectivity_or_host_control,M2_hypothesis_or_stage_mechanism,T2_in_vitro_with_host_context,B_characterized_phenotype,chemistry=C2_profiled_mixture; phenotype=P2_direct_parasite_or_vector_in_vitro; host=S3_reported_selectivity_or_host_control; mechanism=M2_hypothesis_or_stage_mechanism; translation=T2_in_vitro_with_host_context; rule-based appraisal; inspect source and boundary text before inference
P076,annua-eimeria-host-response-2018,Artemisia annua,Eimeria tenella,C1_crude_or_unresolved,P3_in_vivo_or_organismal,S1_absent_or_unresolved,M2_hypothesis_or_stage_mechanism,T3_preclinical_in_vivo,C_phenotype_with_unresolved_attribution,chemistry=C1_crude_or_unresolved; phenotype=P3_in_vivo_or_organismal; host=S1_absent_or_unresolved; mechanism=M2_hypothesis_or_stage_mechanism; translation=T3_preclinical_in_vivo; rule-based appraisal; inspect source and boundary text before inference
P077,khorassanica-purified-stls-leishmania-2022,Seriphidium khorassanicum (syn. Artemisia khorassanica),Leishmania major,C3_defined_or_purified,P2_direct_parasite_or_vector_in_vitro,S3_reported_selectivity_or_host_control,M1_phenotype_only_or_unresolved,T2_in_vitro_with_host_context,B_characterized_phenotype,chemistry=C3_defined_or_purified; phenotype=P2_direct_parasite_or_vector_in_vitro; host=S3_reported_selectivity_or_host_control; mechanism=M1_phenotype_only_or_unresolved; translation=T2_in_vitro_with_host_context; rule-based appraisal; inspect source and boundary text before inference
P078,annua-plant-matrix-malaria-pk-2025,Artemisia annua,Plasmodium berghei and Plasmodium chabaudi,C1_crude_or_unresolved,P3_in_vivo_or_organismal,S1_absent_or_unresolved,M2_hypothesis_or_stage_mechanism,T3_preclinical_in_vivo,C_phenotype_with_unresolved_attribution,chemistry=C1_crude_or_unresolved; phenotype=P3_in_vivo_or_organismal; host=S1_absent_or_unresolved; mechanism=M2_hypothesis_or_stage_mechanism; translation=T3_preclinical_in_vivo; rule-based appraisal; inspect source and boundary text before inference
P079,annua-origin-malaria-2014,Artemisia annua,Plasmodium falciparum and hemozoin surrogate,C1_crude_or_unresolved,P1_indirect_or_surrogate,S1_absent_or_unresolved,M2_hypothesis_or_stage_mechanism,T1_in_vitro_without_host_context,C_phenotype_with_unresolved_attribution,chemistry=C1_crude_or_unresolved; phenotype=P1_indirect_or_surrogate; host=S1_absent_or_unresolved; mechanism=M2_hypothesis_or_stage_mechanism; translation=T1_in_vitro_without_host_context; rule-based appraisal; inspect source and boundary text before inference
P080,artemisia-oil-nanoliposome-mosquito-2023,A. annua; A. dracunculus; A. sieberi,Aedes aegypti and Anopheles stephensi,C2_profiled_mixture,P2_direct_parasite_or_vector_in_vitro,S1_absent_or_unresolved,M2_hypothesis_or_stage_mechanism,T1_in_vitro_without_host_context,C_phenotype_with_unresolved_attribution,chemistry=C2_profiled_mixture; phenotype=P2_direct_parasite_or_vector_in_vitro; host=S1_absent_or_unresolved; mechanism=M2_hypothesis_or_stage_mechanism; translation=T1_in_vitro_without_host_context; rule-based appraisal; inspect source and boundary text before inference
P081,annua-oil-monoterpenoid-mite-2025,Artemisia annua,Tetranychus urticae,C3_defined_or_purified,P2_direct_parasite_or_vector_in_vitro,S1_absent_or_unresolved,M1_phenotype_only_or_unresolved,T1_in_vitro_without_host_context,C_phenotype_with_unresolved_attribution,chemistry=C3_defined_or_purified; phenotype=P2_direct_parasite_or_vector_in_vitro; host=S1_absent_or_unresolved; mechanism=M1_phenotype_only_or_unresolved; translation=T1_in_vitro_without_host_context; rule-based appraisal; inspect source and boundary text before inference
P082,vestita-maritima-helminth,Artemisia vestita,Haemonchus contortus,C1_crude_or_unresolved,P2_direct_parasite_or_vector_in_vitro,S1_absent_or_unresolved,M1_phenotype_only_or_unresolved,T1_in_vitro_without_host_context,C_phenotype_with_unresolved_attribution,chemistry=C1_crude_or_unresolved; phenotype=P2_direct_parasite_or_vector_in_vitro; host=S1_absent_or_unresolved; mechanism=M1_phenotype_only_or_unresolved; translation=T1_in_vitro_without_host_context; rule-based appraisal; inspect source and boundary text before inference
P083,vestita-maritima-helminth,Artemisia maritima,Haemonchus contortus,C1_crude_or_unresolved,P2_direct_parasite_or_vector_in_vitro,S1_absent_or_unresolved,M1_phenotype_only_or_unresolved,T1_in_vitro_without_host_context,C_phenotype_with_unresolved_attribution,chemistry=C1_crude_or_unresolved; phenotype=P2_direct_parasite_or_vector_in_vitro; host=S1_absent_or_unresolved; mechanism=M1_phenotype_only_or_unresolved; translation=T1_in_vitro_without_host_context; rule-based appraisal; inspect source and boundary text before inference
P084,annua-extracts-beta-hematin-2015,Artemisia ciniformis,Plasmodium surrogate,C1_crude_or_unresolved,P1_indirect_or_surrogate,S1_absent_or_unresolved,M1_phenotype_only_or_unresolved,T1_in_vitro_without_host_context,C_phenotype_with_unresolved_attribution,chemistry=C1_crude_or_unresolved; phenotype=P1_indirect_or_surrogate; host=S1_absent_or_unresolved; mechanism=M1_phenotype_only_or_unresolved; translation=T1_in_vitro_without_host_context; rule-based appraisal; inspect source and boundary text before inference
P085,sieberi-artemisinin-leishmania-2013,Artemisia sieberi,Leishmania major,C3_defined_or_purified,P2_direct_parasite_or_vector_in_vitro,S3_reported_selectivity_or_host_control,M1_phenotype_only_or_unresolved,T2_in_vitro_with_host_context,B_characterized_phenotype,chemistry=C3_defined_or_purified; phenotype=P2_direct_parasite_or_vector_in_vitro; host=S3_reported_selectivity_or_host_control; mechanism=M1_phenotype_only_or_unresolved; translation=T2_in_vitro_with_host_context; rule-based appraisal; inspect source and boundary text before inference
P086,aucheri-armeniaca-antimalarial-2014,Artemisia aucheri and Artemisia armeniaca,Plasmodium surrogate,C1_crude_or_unresolved,P1_indirect_or_surrogate,S1_absent_or_unresolved,M1_phenotype_only_or_unresolved,T1_in_vitro_without_host_context,C_phenotype_with_unresolved_attribution,chemistry=C1_crude_or_unresolved; phenotype=P1_indirect_or_surrogate; host=S1_absent_or_unresolved; mechanism=M1_phenotype_only_or_unresolved; translation=T1_in_vitro_without_host_context; rule-based appraisal; inspect source and boundary text before inference
P087,artemisia-ag-nanoparticles-malaria-2020,Artemisia abrotanum,Plasmodium falciparum,C1_crude_or_unresolved,P2_direct_parasite_or_vector_in_vitro,S2_partial_control,M1_phenotype_only_or_unresolved,T1_in_vitro_without_host_context,C_phenotype_with_unresolved_attribution,chemistry=C1_crude_or_unresolved; phenotype=P2_direct_parasite_or_vector_in_vitro; host=S2_partial_control; mechanism=M1_phenotype_only_or_unresolved; translation=T1_in_vitro_without_host_context; rule-based appraisal; inspect source and boundary text before inference
P088,artemisia-ag-nanoparticles-malaria-2020,Artemisia arborescens,Plasmodium falciparum,C1_crude_or_unresolved,P2_direct_parasite_or_vector_in_vitro,S1_absent_or_unresolved,M2_hypothesis_or_stage_mechanism,T1_in_vitro_without_host_context,C_phenotype_with_unresolved_attribution,chemistry=C1_crude_or_unresolved; phenotype=P2_direct_parasite_or_vector_in_vitro; host=S1_absent_or_unresolved; mechanism=M2_hypothesis_or_stage_mechanism; translation=T1_in_vitro_without_host_context; rule-based appraisal; inspect source and boundary text before inference
P089,annua-histomonas-negative-2012,Artemisia annua and purified artemisinin,Histomonas meleagridis,C1_crude_or_unresolved,P3_in_vivo_or_organismal,S1_absent_or_unresolved,M2_hypothesis_or_stage_mechanism,T3_preclinical_in_vivo,C_phenotype_with_unresolved_attribution,chemistry=C1_crude_or_unresolved; phenotype=P3_in_vivo_or_organismal; host=S1_absent_or_unresolved; mechanism=M2_hypothesis_or_stage_mechanism; translation=T3_preclinical_in_vivo; rule-based appraisal; inspect source and boundary text before inference
P090,annua-culex-larvicide-2012,Artemisia annua,Culex quinquefasciatus,C3_defined_or_purified,P2_direct_parasite_or_vector_in_vitro,S1_absent_or_unresolved,M1_phenotype_only_or_unresolved,T1_in_vitro_without_host_context,C_phenotype_with_unresolved_attribution,chemistry=C3_defined_or_purified; phenotype=P2_direct_parasite_or_vector_in_vitro; host=S1_absent_or_unresolved; mechanism=M1_phenotype_only_or_unresolved; translation=T1_in_vitro_without_host_context; rule-based appraisal; inspect source and boundary text before inference
P091,annua-culex-larvicide-2012,Artemisia annua,Culex tritaeniorhynchus,C3_defined_or_purified,P2_direct_parasite_or_vector_in_vitro,S1_absent_or_unresolved,M1_phenotype_only_or_unresolved,T1_in_vitro_without_host_context,C_phenotype_with_unresolved_attribution,chemistry=C3_defined_or_purified; phenotype=P2_direct_parasite_or_vector_in_vitro; host=S1_absent_or_unresolved; mechanism=M1_phenotype_only_or_unresolved; translation=T1_in_vitro_without_host_context; rule-based appraisal; inspect source and boundary text before inference
P092,annua-whole-plant-resistance-2015,Artemisia annua,Plasmodium yoelii,C1_crude_or_unresolved,P3_in_vivo_or_organismal,S1_absent_or_unresolved,M1_phenotype_only_or_unresolved,T3_preclinical_in_vivo,C_phenotype_with_unresolved_attribution,chemistry=C1_crude_or_unresolved; phenotype=P3_in_vivo_or_organismal; host=S1_absent_or_unresolved; mechanism=M1_phenotype_only_or_unresolved; translation=T3_preclinical_in_vivo; rule-based appraisal; inspect source and boundary text before inference
P093,annua-whole-plant-resistance-2015,Artemisia annua,Plasmodium chabaudi,C1_crude_or_unresolved,P3_in_vivo_or_organismal,S1_absent_or_unresolved,M1_phenotype_only_or_unresolved,T3_preclinical_in_vivo,C_phenotype_with_unresolved_attribution,chemistry=C1_crude_or_unresolved; phenotype=P3_in_vivo_or_organismal; host=S1_absent_or_unresolved; mechanism=M1_phenotype_only_or_unresolved; translation=T3_preclinical_in_vivo; rule-based appraisal; inspect source and boundary text before inference
P094,annua-artemisinin-drug-combinations-1987,Artemisia annua-derived artemisinin,Plasmodium berghei,C1_crude_or_unresolved,P3_in_vivo_or_organismal,S1_absent_or_unresolved,M1_phenotype_only_or_unresolved,T3_preclinical_in_vivo,C_phenotype_with_unresolved_attribution,chemistry=C1_crude_or_unresolved; phenotype=P3_in_vivo_or_organismal; host=S1_absent_or_unresolved; mechanism=M1_phenotype_only_or_unresolved; translation=T3_preclinical_in_vivo; rule-based appraisal; inspect source and boundary text before inference
P095,annua-endophyte-antimalarial-metabolomics-2021,Artemisia annua-associated fungal endophytes,Plasmodium spp.,C1_crude_or_unresolved,P2_direct_parasite_or_vector_in_vitro,S3_reported_selectivity_or_host_control,M2_hypothesis_or_stage_mechanism,T2_in_vitro_with_host_context,C_phenotype_with_unresolved_attribution,chemistry=C1_crude_or_unresolved; phenotype=P2_direct_parasite_or_vector_in_vitro; host=S3_reported_selectivity_or_host_control; mechanism=M2_hypothesis_or_stage_mechanism; translation=T2_in_vitro_with_host_context; rule-based appraisal; inspect source and boundary text before inference
P096,inculta-schistosomiasis-toxicity-2006,Artemisia inculta,Schistosoma spp.,C1_crude_or_unresolved,P2_direct_parasite_or_vector_in_vitro,S1_absent_or_unresolved,M1_phenotype_only_or_unresolved,T1_in_vitro_without_host_context,C_phenotype_with_unresolved_attribution,chemistry=C1_crude_or_unresolved; phenotype=P2_direct_parasite_or_vector_in_vitro; host=S1_absent_or_unresolved; mechanism=M1_phenotype_only_or_unresolved; translation=T1_in_vitro_without_host_context; rule-based appraisal; inspect source and boundary text before inference
P097,artemisinin-extracellular-heme-2012,Artemisia annua-derived artemisinin,Plasmodium falciparum,C1_crude_or_unresolved,P2_direct_parasite_or_vector_in_vitro,S1_absent_or_unresolved,M1_phenotype_only_or_unresolved,T1_in_vitro_without_host_context,C_phenotype_with_unresolved_attribution,chemistry=C1_crude_or_unresolved; phenotype=P2_direct_parasite_or_vector_in_vitro; host=S1_absent_or_unresolved; mechanism=M1_phenotype_only_or_unresolved; translation=T1_in_vitro_without_host_context; rule-based appraisal; inspect source and boundary text before inference
P098,herba-alba-tick-nanoemulsion-2021,Artemisia herba-alba,Hyalomma dromedarii,C2_profiled_mixture,P2_direct_parasite_or_vector_in_vitro,S2_partial_control,M1_phenotype_only_or_unresolved,T1_in_vitro_without_host_context,B_characterized_phenotype,chemistry=C2_profiled_mixture; phenotype=P2_direct_parasite_or_vector_in_vitro; host=S2_partial_control; mechanism=M1_phenotype_only_or_unresolved; translation=T1_in_vitro_without_host_context; rule-based appraisal; inspect source and boundary text before inference
P099,herba-alba-tick-nanoemulsion-2021,Artemisia herba-alba,Hyalomma dromedarii,C2_profiled_mixture,P2_direct_parasite_or_vector_in_vitro,S2_partial_control,M1_phenotype_only_or_unresolved,T1_in_vitro_without_host_context,B_characterized_phenotype,chemistry=C2_profiled_mixture; phenotype=P2_direct_parasite_or_vector_in_vitro; host=S2_partial_control; mechanism=M1_phenotype_only_or_unresolved; translation=T1_in_vitro_without_host_context; rule-based appraisal; inspect source and boundary text before inference
P100,herba-alba-tick-nanoemulsion-2021,Artemisia herba-alba,Hyalomma dromedarii,C2_profiled_mixture,P2_direct_parasite_or_vector_in_vitro,S2_partial_control,M1_phenotype_only_or_unresolved,T1_in_vitro_without_host_context,B_characterized_phenotype,chemistry=C2_profiled_mixture; phenotype=P2_direct_parasite_or_vector_in_vitro; host=S2_partial_control; mechanism=M1_phenotype_only_or_unresolved; translation=T1_in_vitro_without_host_context; rule-based appraisal; inspect source and boundary text before inference
P101,herba-alba-tick-nanoemulsion-2021,Artemisia herba-alba,Hyalomma dromedarii,C2_profiled_mixture,P2_direct_parasite_or_vector_in_vitro,S2_partial_control,M1_phenotype_only_or_unresolved,T1_in_vitro_without_host_context,B_characterized_phenotype,chemistry=C2_profiled_mixture; phenotype=P2_direct_parasite_or_vector_in_vitro; host=S2_partial_control; mechanism=M1_phenotype_only_or_unresolved; translation=T1_in_vitro_without_host_context; rule-based appraisal; inspect source and boundary text before inference
P102,artemisia-five-species-anti-insect-2022,Artemisia ordosica,Liposcelis bostrychophila,C2_profiled_mixture,P2_direct_parasite_or_vector_in_vitro,S1_absent_or_unresolved,M1_phenotype_only_or_unresolved,T1_in_vitro_without_host_context,C_phenotype_with_unresolved_attribution,chemistry=C2_profiled_mixture; phenotype=P2_direct_parasite_or_vector_in_vitro; host=S1_absent_or_unresolved; mechanism=M1_phenotype_only_or_unresolved; translation=T1_in_vitro_without_host_context; rule-based appraisal; inspect source and boundary text before inference
P103,artemisia-five-species-anti-insect-2022,Artemisia tangutica,Tribolium castaneum,C2_profiled_mixture,P2_direct_parasite_or_vector_in_vitro,S1_absent_or_unresolved,M1_phenotype_only_or_unresolved,T1_in_vitro_without_host_context,C_phenotype_with_unresolved_attribution,chemistry=C2_profiled_mixture; phenotype=P2_direct_parasite_or_vector_in_vitro; host=S1_absent_or_unresolved; mechanism=M1_phenotype_only_or_unresolved; translation=T1_in_vitro_without_host_context; rule-based appraisal; inspect source and boundary text before inference
P104,scoparia-altitude-mosquito-2024,Artemisia scoparia,Aedes aegypti,C2_profiled_mixture,P2_direct_parasite_or_vector_in_vitro,S1_absent_or_unresolved,M1_phenotype_only_or_unresolved,T1_in_vitro_without_host_context,C_phenotype_with_unresolved_attribution,chemistry=C2_profiled_mixture; phenotype=P2_direct_parasite_or_vector_in_vitro; host=S1_absent_or_unresolved; mechanism=M1_phenotype_only_or_unresolved; translation=T1_in_vitro_without_host_context; rule-based appraisal; inspect source and boundary text before inference
P105,scoparia-altitude-mosquito-2024,Artemisia scoparia,Aedes aegypti,C2_profiled_mixture,P2_direct_parasite_or_vector_in_vitro,S1_absent_or_unresolved,M1_phenotype_only_or_unresolved,T1_in_vitro_without_host_context,C_phenotype_with_unresolved_attribution,chemistry=C2_profiled_mixture; phenotype=P2_direct_parasite_or_vector_in_vitro; host=S1_absent_or_unresolved; mechanism=M1_phenotype_only_or_unresolved; translation=T1_in_vitro_without_host_context; rule-based appraisal; inspect source and boundary text before inference
P106,vulgaris-gall-mite-2025,Artemisia vulgaris,Aceria pongamiae,C2_profiled_mixture,P2_direct_parasite_or_vector_in_vitro,S1_absent_or_unresolved,M1_phenotype_only_or_unresolved,T1_in_vitro_without_host_context,C_phenotype_with_unresolved_attribution,chemistry=C2_profiled_mixture; phenotype=P2_direct_parasite_or_vector_in_vitro; host=S1_absent_or_unresolved; mechanism=M1_phenotype_only_or_unresolved; translation=T1_in_vitro_without_host_context; rule-based appraisal; inspect source and boundary text before inference
P107,vulgaris-gall-mite-2025,Artemisia vulgaris,Aceria pongamiae,C2_profiled_mixture,P2_direct_parasite_or_vector_in_vitro,S1_absent_or_unresolved,M1_phenotype_only_or_unresolved,T1_in_vitro_without_host_context,C_phenotype_with_unresolved_attribution,chemistry=C2_profiled_mixture; phenotype=P2_direct_parasite_or_vector_in_vitro; host=S1_absent_or_unresolved; mechanism=M1_phenotype_only_or_unresolved; translation=T1_in_vitro_without_host_context; rule-based appraisal; inspect source and boundary text before inference
P108,argyi-essential-oil-insecticidal-2026,Artemisia argyi,Callosobruchus maculatus,C2_profiled_mixture,P2_direct_parasite_or_vector_in_vitro,S1_absent_or_unresolved,M1_phenotype_only_or_unresolved,T1_in_vitro_without_host_context,C_phenotype_with_unresolved_attribution,chemistry=C2_profiled_mixture; phenotype=P2_direct_parasite_or_vector_in_vitro; host=S1_absent_or_unresolved; mechanism=M1_phenotype_only_or_unresolved; translation=T1_in_vitro_without_host_context; rule-based appraisal; inspect source and boundary text before inference
P109,annua-cattle-tick-2011,Artemisia annua,Rhipicephalus annulatus,C2_profiled_mixture,P2_direct_parasite_or_vector_in_vitro,S1_absent_or_unresolved,M1_phenotype_only_or_unresolved,T1_in_vitro_without_host_context,C_phenotype_with_unresolved_attribution,chemistry=C2_profiled_mixture; phenotype=P2_direct_parasite_or_vector_in_vitro; host=S1_absent_or_unresolved; mechanism=M1_phenotype_only_or_unresolved; translation=T1_in_vitro_without_host_context; rule-based appraisal; inspect source and boundary text before inference
P110,pf-artemisinin-oxidative-stress-2024,Artemisinin/A. annua-derived drug,Plasmodium falciparum,C1_crude_or_unresolved,P2_direct_parasite_or_vector_in_vitro,S1_absent_or_unresolved,M3_direct_or_functional_target_class,T1_in_vitro_without_host_context,C_phenotype_with_unresolved_attribution,chemistry=C1_crude_or_unresolved; phenotype=P2_direct_parasite_or_vector_in_vitro; host=S1_absent_or_unresolved; mechanism=M3_direct_or_functional_target_class; translation=T1_in_vitro_without_host_context; rule-based appraisal; inspect source and boundary text before inference
P111,pf-artemisinin-proteostasis-resistance-2024,Artemisinin/A. annua-derived drug,Plasmodium falciparum,C1_crude_or_unresolved,P2_direct_parasite_or_vector_in_vitro,S1_absent_or_unresolved,M3_direct_or_functional_target_class,T1_in_vitro_without_host_context,C_phenotype_with_unresolved_attribution,chemistry=C1_crude_or_unresolved; phenotype=P2_direct_parasite_or_vector_in_vitro; host=S1_absent_or_unresolved; mechanism=M3_direct_or_functional_target_class; translation=T1_in_vitro_without_host_context; rule-based appraisal; inspect source and boundary text before inference
P112,pf-artemisinin-heme-detox-2021,Artemisinin/A. annua-derived drug,Plasmodium falciparum,C1_crude_or_unresolved,P2_direct_parasite_or_vector_in_vitro,S1_absent_or_unresolved,M1_phenotype_only_or_unresolved,T1_in_vitro_without_host_context,C_phenotype_with_unresolved_attribution,chemistry=C1_crude_or_unresolved; phenotype=P2_direct_parasite_or_vector_in_vitro; host=S1_absent_or_unresolved; mechanism=M1_phenotype_only_or_unresolved; translation=T1_in_vitro_without_host_context; rule-based appraisal; inspect source and boundary text before inference
P113,pf-peroxide-redox-homeostasis-2022,Artemisinin/A. annua-derived drug,Plasmodium falciparum,C1_crude_or_unresolved,P2_direct_parasite_or_vector_in_vitro,S1_absent_or_unresolved,M3_direct_or_functional_target_class,T1_in_vitro_without_host_context,C_phenotype_with_unresolved_attribution,chemistry=C1_crude_or_unresolved; phenotype=P2_direct_parasite_or_vector_in_vitro; host=S1_absent_or_unresolved; mechanism=M3_direct_or_functional_target_class; translation=T1_in_vitro_without_host_context; rule-based appraisal; inspect source and boundary text before inference
P114,absinthium-trichinella-rats-2008,Artemisia absinthium,Trichinella spiralis,C1_crude_or_unresolved,P2_direct_parasite_or_vector_in_vitro,S1_absent_or_unresolved,M1_phenotype_only_or_unresolved,T1_in_vitro_without_host_context,C_phenotype_with_unresolved_attribution,chemistry=C1_crude_or_unresolved; phenotype=P2_direct_parasite_or_vector_in_vitro; host=S1_absent_or_unresolved; mechanism=M1_phenotype_only_or_unresolved; translation=T1_in_vitro_without_host_context; rule-based appraisal; inspect source and boundary text before inference
P115,dracunculus-anopheles-nanogel-2022,Artemisia dracunculus,Anopheles stephensi,C2_profiled_mixture,P2_direct_parasite_or_vector_in_vitro,S1_absent_or_unresolved,M2_hypothesis_or_stage_mechanism,T1_in_vitro_without_host_context,C_phenotype_with_unresolved_attribution,chemistry=C2_profiled_mixture; phenotype=P2_direct_parasite_or_vector_in_vitro; host=S1_absent_or_unresolved; mechanism=M2_hypothesis_or_stage_mechanism; translation=T1_in_vitro_without_host_context; rule-based appraisal; inspect source and boundary text before inference
P116,ludoviciana-fasciola-toxicity-2023,Artemisia ludoviciana subsp. mexicana,Fasciola hepatica,C1_crude_or_unresolved,P2_direct_parasite_or_vector_in_vitro,S2_partial_control,M1_phenotype_only_or_unresolved,T1_in_vitro_without_host_context,C_phenotype_with_unresolved_attribution,chemistry=C1_crude_or_unresolved; phenotype=P2_direct_parasite_or_vector_in_vitro; host=S2_partial_control; mechanism=M1_phenotype_only_or_unresolved; translation=T1_in_vitro_without_host_context; rule-based appraisal; inspect source and boundary text before inference
P117,afra-mosquito-biting-negative-2000,Artemisia afra,mosquito vector,C2_profiled_mixture,P2_direct_parasite_or_vector_in_vitro,S1_absent_or_unresolved,M1_phenotype_only_or_unresolved,T1_in_vitro_without_host_context,C_phenotype_with_unresolved_attribution,chemistry=C2_profiled_mixture; phenotype=P2_direct_parasite_or_vector_in_vitro; host=S1_absent_or_unresolved; mechanism=M1_phenotype_only_or_unresolved; translation=T1_in_vitro_without_host_context; rule-based appraisal; inspect source and boundary text before inference
P118,annua-plant-matrix-malaria-pk-2025,Artemisia annua,Plasmodium spp. in murine malaria models,C1_crude_or_unresolved,P3_in_vivo_or_organismal,S2_partial_control,M1_phenotype_only_or_unresolved,T3_preclinical_in_vivo,C_phenotype_with_unresolved_attribution,chemistry=C1_crude_or_unresolved; phenotype=P3_in_vivo_or_organismal; host=S2_partial_control; mechanism=M1_phenotype_only_or_unresolved; translation=T3_preclinical_in_vivo; rule-based appraisal; inspect source and boundary text before inference
P119,absinthium-european-tinctures-2025,Artemisia absinthium,Strongyloides papillosus; Haemonchus contortus,C1_crude_or_unresolved,P2_direct_parasite_or_vector_in_vitro,S1_absent_or_unresolved,M1_phenotype_only_or_unresolved,T1_in_vitro_without_host_context,C_phenotype_with_unresolved_attribution,chemistry=C1_crude_or_unresolved; phenotype=P2_direct_parasite_or_vector_in_vitro; host=S1_absent_or_unresolved; mechanism=M1_phenotype_only_or_unresolved; translation=T1_in_vitro_without_host_context; rule-based appraisal; inspect source and boundary text before inference
P120,parthenin-parthenolide-malaria-transmission-2016,Parthenium hysterophorus / non-Artemisia comparator,Plasmodium falciparum and mosquito-stage Plasmodium,C3_defined_or_purified,P2_direct_parasite_or_vector_in_vitro,S1_absent_or_unresolved,M2_hypothesis_or_stage_mechanism,T1_in_vitro_without_host_context,C_phenotype_with_unresolved_attribution,chemistry=C3_defined_or_purified; phenotype=P2_direct_parasite_or_vector_in_vitro; host=S1_absent_or_unresolved; mechanism=M2_hypothesis_or_stage_mechanism; translation=T1_in_vitro_without_host_context; rule-based appraisal; inspect source and boundary text before inference
P121,annua-co-metabolite-enhancement-2026,Artemisia annua,Plasmodium falciparum and rodent malaria,C1_crude_or_unresolved,P3_in_vivo_or_organismal,S1_absent_or_unresolved,M1_phenotype_only_or_unresolved,T3_preclinical_in_vivo,C_phenotype_with_unresolved_attribution,chemistry=C1_crude_or_unresolved; phenotype=P3_in_vivo_or_organismal; host=S1_absent_or_unresolved; mechanism=M1_phenotype_only_or_unresolved; translation=T3_preclinical_in_vivo; rule-based appraisal; inspect source and boundary text before inference
P122,annua-discovery-metabolomics-malaria-2022,Artemisia annua,Plasmodium yoelii and A. annua extract fractions,C1_crude_or_unresolved,P3_in_vivo_or_organismal,S1_absent_or_unresolved,M1_phenotype_only_or_unresolved,T3_preclinical_in_vivo,C_phenotype_with_unresolved_attribution,chemistry=C1_crude_or_unresolved; phenotype=P3_in_vivo_or_organismal; host=S1_absent_or_unresolved; mechanism=M1_phenotype_only_or_unresolved; translation=T3_preclinical_in_vivo; rule-based appraisal; inspect source and boundary text before inference
P123,annua-tea-metabolomics-malaria-2025,Artemisia annua,Plasmodium falciparum 3D7,C1_crude_or_unresolved,P2_direct_parasite_or_vector_in_vitro,S1_absent_or_unresolved,M1_phenotype_only_or_unresolved,T1_in_vitro_without_host_context,C_phenotype_with_unresolved_attribution,chemistry=C1_crude_or_unresolved; phenotype=P2_direct_parasite_or_vector_in_vitro; host=S1_absent_or_unresolved; mechanism=M1_phenotype_only_or_unresolved; translation=T1_in_vitro_without_host_context; rule-based appraisal; inspect source and boundary text before inference
