source_id,record_ids,title,pmid,pmcid,source_url,taxa,parasites,priority,full_text_route,full_text_status,eligibility_focus,required_checks
afra-annua-metabolomics-malaria-2025,P028,Metabolite profiling of Artemisia afra and Artemisia annua extracts reveals divergent effects on Plasmodium falciparum,39765035,,https://pubmed.ncbi.nlm.nih.gov/39765035/,Artemisia annua; Artemisia afra,Plasmodium falciparum,P1_malaria,PubMed abstract plus publisher/full-text lookup,full text verified; quantitative eligibility unresolved,"malaria/artemisinin: verify preparation, parasite stage, artemisinin or co-metabolite attribution, resistance state, and host exposure",identity; preparation; analytical method; parasite stage; dose/exposure; comparator; host selectivity; constituent attribution; mechanism; translational boundary
afra-powder-malaria-2024,P047,In vivo antimalarial efficacy of Artemisia afra powder suspensions,38761524,,https://pubmed.ncbi.nlm.nih.gov/38761524/,Artemisia afra,Plasmodium berghei,P1_malaria,PubMed abstract plus publisher/full-text lookup,full text verified; quantitative eligibility unresolved,"malaria/artemisinin: verify preparation, parasite stage, artemisinin or co-metabolite attribution, resistance state, and host exposure",identity; preparation; analytical method; parasite stage; dose/exposure; comparator; host selectivity; constituent attribution; mechanism; translational boundary
annua-ancient-preparation-malaria-2010,P035,Ancient Chinese methods are remarkably effective for the preparation of artemisinin-rich extracts of Qing Hao with potent antimalarial activity,20335947,PMC6257115,https://pmc.ncbi.nlm.nih.gov/articles/PMC6257115/,Artemisia annua,Plasmodium falciparum; Plasmodium berghei,P1_malaria,PMC full text/XML candidate,full text verified; quantitative eligibility unresolved,"malaria/artemisinin: verify preparation, parasite stage, artemisinin or co-metabolite attribution, resistance state, and host exposure",identity; preparation; analytical method; parasite stage; dose/exposure; comparator; host selectivity; constituent attribution; mechanism; translational boundary
annua-artemisinin-drug-combinations-1987,P094,The effect of combinations of qinghaosu (artemisinin) with standard antimalarial drugs in the suppressive treatment of malaria in mice.,3328341,,https://pubmed.ncbi.nlm.nih.gov/3328341/,Artemisia annua-derived artemisinin,Plasmodium berghei,P1_malaria,PubMed abstract plus publisher/full-text lookup,not yet screened at full text,"malaria/artemisinin: verify preparation, parasite stage, artemisinin or co-metabolite attribution, resistance state, and host exposure",identity; preparation; analytical method; parasite stage; dose/exposure; comparator; host selectivity; constituent attribution; mechanism; translational boundary
annua-cadinapyridine-2025,P124,Cadinapyridine sesquiterpene alkaloids from Artemisia annua and in vitro cytotoxicity and antiplasmodial activities,40901832,PMC12407398,https://pmc.ncbi.nlm.nih.gov/articles/PMC12407398/,Artemisia annua,Plasmodium falciparum FcB1,P1_malaria,PMC full text/XML candidate,full text verified; quantitative eligibility unresolved,"malaria/artemisinin: verify preparation, parasite stage, artemisinin or co-metabolite attribution, resistance state, and host exposure",identity; preparation; analytical method; parasite stage; dose/exposure; comparator; host selectivity; constituent attribution; mechanism; translational boundary
annua-chrysosplenetin-resistance-2025,P026,Chrysosplenetin acts as a homeostasis stabilizer with dual-function in shattering Plasmodium berghei K173 resistance to artemisinin driven by both ABC transporters and heme-ROS/GSH axis,41068871,PMC12512365,https://pmc.ncbi.nlm.nih.gov/articles/PMC12512365/,Artemisia annua,Plasmodium berghei K173,P1_malaria,PMC full text/XML candidate,full text verified; quantitative eligibility unresolved,"malaria/artemisinin: verify preparation, parasite stage, artemisinin or co-metabolite attribution, resistance state, and host exposure",identity; preparation; analytical method; parasite stage; dose/exposure; comparator; host selectivity; constituent attribution; mechanism; translational boundary
annua-co-metabolite-enhancement-2026,P121,"Identification and quantification of sesquiterpenes, alkaloids, flavonoids and coumarins in Artemisia annua L: Potential artemisinin activity-enhancing compounds",41344119,,https://pubmed.ncbi.nlm.nih.gov/41344119/,Artemisia annua,Plasmodium falciparum and rodent malaria,P1_malaria,PubMed abstract plus publisher/full-text lookup,full text verified; quantitative eligibility unresolved,"malaria/artemisinin: verify preparation, parasite stage, artemisinin or co-metabolite attribution, resistance state, and host exposure",identity; preparation; analytical method; parasite stage; dose/exposure; comparator; host selectivity; constituent attribution; mechanism; translational boundary
annua-complex-antimalarial-invitro-2021,P039,In vitro analyses of Artemisia extracts on Plasmodium falciparum suggest a complex antimalarial effect,33651845,PMC7924776,https://pmc.ncbi.nlm.nih.gov/articles/PMC7924776/,Artemisia annua; Artemisia afra,Plasmodium falciparum 3D7; MRA1252/1240; Cam3.11/Cam3.11rev,P1_malaria,PMC full text/XML candidate,full text verified; quantitative eligibility unresolved,"malaria/artemisinin: verify preparation, parasite stage, artemisinin or co-metabolite attribution, resistance state, and host exposure",identity; preparation; analytical method; parasite stage; dose/exposure; comparator; host selectivity; constituent attribution; mechanism; translational boundary
annua-discovery-metabolomics-malaria-2022,P122,A Discovery-Based Metabolomic Approach Using UPLC-Q-TOF-MS/MS Reveals Potential Antimalarial Compounds Present in Artemisia annua L.,36499227,PMC9740527,https://pmc.ncbi.nlm.nih.gov/articles/PMC9740527/,Artemisia annua,Plasmodium yoelii and A. annua extract fractions,P1_malaria,PMC full text/XML candidate,full text verified; quantitative eligibility unresolved,"malaria/artemisinin: verify preparation, parasite stage, artemisinin or co-metabolite attribution, resistance state, and host exposure",identity; preparation; analytical method; parasite stage; dose/exposure; comparator; host selectivity; constituent attribution; mechanism; translational boundary
annua-endophyte-antimalarial-metabolomics-2021,P095,A metabolomic approach to target antimalarial metabolites in the Artemisia annua fungal endophytes.,33531542,PMC7854678,https://pmc.ncbi.nlm.nih.gov/articles/PMC7854678/,Artemisia annua-associated fungal endophytes,Plasmodium spp.,P1_malaria,PMC full text/XML candidate,full text verified; quantitative eligibility unresolved,"malaria/artemisinin: verify preparation, parasite stage, artemisinin or co-metabolite attribution, resistance state, and host exposure",identity; preparation; analytical method; parasite stage; dose/exposure; comparator; host selectivity; constituent attribution; mechanism; translational boundary
annua-extract-pk-synergy-2026,P025,Differential synergistic antimalarial effects of an A. annua extract on artemisinin via host pharmacokinetic modulation,41990923,,https://pubmed.ncbi.nlm.nih.gov/41990923/,Artemisia annua,Plasmodium falciparum Pf3D7; Plasmodium yoelii,P1_malaria,PubMed abstract plus publisher/full-text lookup,full text verified; quantitative eligibility unresolved,"malaria/artemisinin: verify preparation, parasite stage, artemisinin or co-metabolite attribution, resistance state, and host exposure",identity; preparation; analytical method; parasite stage; dose/exposure; comparator; host selectivity; constituent attribution; mechanism; translational boundary
annua-extracts-beta-hematin-2015,P084,Screening of different extracts from artemisia species for their potential antimalarial activity.,25901169,,https://pubmed.ncbi.nlm.nih.gov/25901169/,Artemisia ciniformis,Plasmodium surrogate,P1_malaria,PubMed abstract plus publisher/full-text lookup,full text verified; quantitative eligibility unresolved,"malaria/artemisinin: verify preparation, parasite stage, artemisinin or co-metabolite attribution, resistance state, and host exposure",identity; preparation; analytical method; parasite stage; dose/exposure; comparator; host selectivity; constituent attribution; mechanism; translational boundary
annua-gametocyte-tea-2021,P038,In vitro reduction of Plasmodium falciparum gametocytes: Artemisia spp. tea infusions vs. artemisinin,33271239,PMC7855472,https://pmc.ncbi.nlm.nih.gov/articles/PMC7855472/,Artemisia annua; Artemisia afra,Plasmodium falciparum NF54,P1_malaria,PMC full text/XML candidate,full text verified; quantitative eligibility unresolved,"malaria/artemisinin: verify preparation, parasite stage, artemisinin or co-metabolite attribution, resistance state, and host exposure",identity; preparation; analytical method; parasite stage; dose/exposure; comparator; host selectivity; constituent attribution; mechanism; translational boundary
annua-gelatin-capsule-malaria-1992,P067,[Studies on the antimalarial action of gelatin capsule of Artemisia annua].,1303339,,https://pubmed.ncbi.nlm.nih.gov/1303339/,Artemisia annua,Plasmodium berghei; Plasmodium vivax,P1_malaria,PubMed abstract plus publisher/full-text lookup,not yet screened at full text,"malaria/artemisinin: verify preparation, parasite stage, artemisinin or co-metabolite attribution, resistance state, and host exposure",identity; preparation; analytical method; parasite stage; dose/exposure; comparator; host selectivity; constituent attribution; mechanism; translational boundary
annua-hydrotrope-antimalarial-2024,P054,Enhanced Antimalarial Activity of Extracts of Artemisia annua L. Achieved with Aqueous Solutions of Salicylate Salts and Ionic Liquids,38434799,,https://pubmed.ncbi.nlm.nih.gov/38434799/,Artemisia annua,Plasmodium falciparum,P1_malaria,PubMed abstract plus publisher/full-text lookup,full text verified; quantitative eligibility unresolved,"malaria/artemisinin: verify preparation, parasite stage, artemisinin or co-metabolite attribution, resistance state, and host exposure",identity; preparation; analytical method; parasite stage; dose/exposure; comparator; host selectivity; constituent attribution; mechanism; translational boundary
annua-led-antimalarial,P022,Variation in terpenoids in leaves of Artemisia annua grown under different LED spectra resulting in diverse antimalarial activities against Plasmodium falciparum,35313811,PMC8935710,https://pmc.ncbi.nlm.nih.gov/articles/PMC8935710/,Artemisia annua,Plasmodium falciparum NF54,P1_malaria,PMC full text/XML candidate,full text verified; quantitative eligibility unresolved,"malaria/artemisinin: verify preparation, parasite stage, artemisinin or co-metabolite attribution, resistance state, and host exposure",identity; preparation; analytical method; parasite stage; dose/exposure; comparator; host selectivity; constituent attribution; mechanism; translational boundary
annua-natural-combination-malaria-2018,P029,Combination of artemisinin-based natural compounds from Artemisia annua L. for the treatment of malaria: Pharmacodynamic and pharmacokinetic studies,29656410,,https://pubmed.ncbi.nlm.nih.gov/29656410/,Artemisia annua,Plasmodium yoelii; Plasmodium berghei,P1_malaria,PubMed abstract plus publisher/full-text lookup,full text verified; quantitative eligibility unresolved,"malaria/artemisinin: verify preparation, parasite stage, artemisinin or co-metabolite attribution, resistance state, and host exposure",identity; preparation; analytical method; parasite stage; dose/exposure; comparator; host selectivity; constituent attribution; mechanism; translational boundary
annua-origin-malaria-2014,P079,HPLC separation and in vitro antimalarial studies of Artemisia annua plants from two different origins: Cameroon versus Luxembourg.,38764794,PMC11100363,https://pubmed.ncbi.nlm.nih.gov/38764794/,Artemisia annua,Plasmodium falciparum and hemozoin surrogate,P1_malaria,PMC full text/XML candidate,full text verified; quantitative eligibility unresolved,"malaria/artemisinin: verify preparation, parasite stage, artemisinin or co-metabolite attribution, resistance state, and host exposure",identity; preparation; analytical method; parasite stage; dose/exposure; comparator; host selectivity; constituent attribution; mechanism; translational boundary
annua-plant-matrix-malaria-pk-2025,P078;P118,The plant matrix of Artemisia annua L. for the treatment of malaria: Pharmacodynamic and pharmacokinetic studies,40334250,PMC12058161,https://pubmed.ncbi.nlm.nih.gov/40334250/,Artemisia annua,Plasmodium berghei and Plasmodium chabaudi; Plasmodium spp. in murine malaria models,P1_malaria,PMC full text/XML candidate,full text verified; quantitative eligibility unresolved,"malaria/artemisinin: verify preparation, parasite stage, artemisinin or co-metabolite attribution, resistance state, and host exposure",identity; preparation; analytical method; parasite stage; dose/exposure; comparator; host selectivity; constituent attribution; mechanism; translational boundary
annua-tea-artemisinin-only-2013,P037,Is artemisinin the only antiplasmodial compound in the Artemisia annua tea infusion? An in vitro study,23512495,,https://pubmed.ncbi.nlm.nih.gov/23512495/,Artemisia annua,Plasmodium falciparum,P1_malaria,PubMed abstract plus publisher/full-text lookup,full text verified; quantitative eligibility unresolved,"malaria/artemisinin: verify preparation, parasite stage, artemisinin or co-metabolite attribution, resistance state, and host exposure",identity; preparation; analytical method; parasite stage; dose/exposure; comparator; host selectivity; constituent attribution; mechanism; translational boundary
annua-tea-metabolomics-malaria-2025,P123,Comparison of the composition and antiplasmodial activity of Artemisia annua teas using an untargeted metabolomic approach,40844983,PMC12373170,https://pmc.ncbi.nlm.nih.gov/articles/PMC12373170/,Artemisia annua,Plasmodium falciparum 3D7,P1_malaria,PMC full text/XML candidate,full text verified; quantitative eligibility unresolved,"malaria/artemisinin: verify preparation, parasite stage, artemisinin or co-metabolite attribution, resistance state, and host exposure",identity; preparation; analytical method; parasite stage; dose/exposure; comparator; host selectivity; constituent attribution; mechanism; translational boundary
annua-top-down-synergy-2024,P031,Targeted screening of the synergistic components in Artemisia annua L. leading to enhanced antiplasmodial potency of artemisinin based on a top down PD-PK approach,38135228,,https://pubmed.ncbi.nlm.nih.gov/38135228/,Artemisia annua,Plasmodium falciparum; Plasmodium yoelii,P1_malaria,PubMed abstract plus publisher/full-text lookup,full text verified; quantitative eligibility unresolved,"malaria/artemisinin: verify preparation, parasite stage, artemisinin or co-metabolite attribution, resistance state, and host exposure",identity; preparation; analytical method; parasite stage; dose/exposure; comparator; host selectivity; constituent attribution; mechanism; translational boundary
annua-whole-leaf-flavonoid,P021,Flavonoid Versus Artemisinin Anti-malarial Activity in Artemisia annua Whole-Leaf Extracts,31417596,PMC6683762,https://pmc.ncbi.nlm.nih.gov/articles/PMC6683762/,Artemisia annua,Plasmodium falciparum Dd2,P1_malaria,PMC full text/XML candidate,full text verified; quantitative eligibility unresolved,"malaria/artemisinin: verify preparation, parasite stage, artemisinin or co-metabolite attribution, resistance state, and host exposure",identity; preparation; analytical method; parasite stage; dose/exposure; comparator; host selectivity; constituent attribution; mechanism; translational boundary
annua-whole-plant-antimalarial-2012,P036,Dried whole plant Artemisia annua as an antimalarial therapy,23289055,PMC3527585,https://pmc.ncbi.nlm.nih.gov/articles/PMC3527585/,Artemisia annua,Plasmodium chabaudi,P1_malaria,PMC full text/XML candidate,full text verified; quantitative eligibility unresolved,"malaria/artemisinin: verify preparation, parasite stage, artemisinin or co-metabolite attribution, resistance state, and host exposure",identity; preparation; analytical method; parasite stage; dose/exposure; comparator; host selectivity; constituent attribution; mechanism; translational boundary
annua-whole-plant-resistance,P020,Dried whole-plant Artemisia annua slows evolution of malaria drug resistance and overcomes resistance to artemisinin,25561559,PMC4311864,https://pmc.ncbi.nlm.nih.gov/articles/PMC4311864/,Artemisia annua,Plasmodium yoelii; Plasmodium chabaudi,P1_malaria,PMC full text/XML candidate,full text verified; quantitative eligibility unresolved,"malaria/artemisinin: verify preparation, parasite stage, artemisinin or co-metabolite attribution, resistance state, and host exposure",identity; preparation; analytical method; parasite stage; dose/exposure; comparator; host selectivity; constituent attribution; mechanism; translational boundary
annua-whole-plant-resistance-2015,P092;P093,Dried whole-plant Artemisia annua slows evolution of malaria drug resistance and overcomes resistance to artemisinin.,25561559,PMC4311864,https://pubmed.ncbi.nlm.nih.gov/25561559/,Artemisia annua,Plasmodium chabaudi; Plasmodium yoelii,P1_malaria,PMC full text/XML candidate,full text verified; quantitative eligibility unresolved,"malaria/artemisinin: verify preparation, parasite stage, artemisinin or co-metabolite attribution, resistance state, and host exposure",identity; preparation; analytical method; parasite stage; dose/exposure; comparator; host selectivity; constituent attribution; mechanism; translational boundary
artemisia-ag-nanoparticles-malaria-2020,P087;P088,The potential antimalarial efficacy of hemocompatible silver nanoparticles from Artemisia species against P. falciparum parasite.,32870934,PMC7462267,https://pubmed.ncbi.nlm.nih.gov/32870934/,Artemisia abrotanum; Artemisia arborescens,Plasmodium falciparum,P1_malaria,PMC full text/XML candidate,full text verified; quantitative eligibility unresolved,"malaria/artemisinin: verify preparation, parasite stage, artemisinin or co-metabolite attribution, resistance state, and host exposure",identity; preparation; analytical method; parasite stage; dose/exposure; comparator; host selectivity; constituent attribution; mechanism; translational boundary
artemisia-infusions-hypnozoite-2022,P040,Artemisinin-independent inhibitory activity of Artemisia sp. infusions against different Plasmodium stages including relapse-causing hypnozoites,34857648,PMC8675911,https://pmc.ncbi.nlm.nih.gov/articles/PMC8675911/,Artemisia annua; Artemisia afra,Plasmodium falciparum; P. vivax; P. cynomolgi,P1_malaria,PMC full text/XML candidate,full text verified; quantitative eligibility unresolved,"malaria/artemisinin: verify preparation, parasite stage, artemisinin or co-metabolite attribution, resistance state, and host exposure",identity; preparation; analytical method; parasite stage; dose/exposure; comparator; host selectivity; constituent attribution; mechanism; translational boundary
artemisinin-extracellular-heme-2012,P097,Extracellular heme enhances the antimalarial activity of artemisinin.,22223333,,https://pubmed.ncbi.nlm.nih.gov/22223333/,Artemisia annua-derived artemisinin,Plasmodium falciparum,P1_malaria,PubMed abstract plus publisher/full-text lookup,full text verified; quantitative eligibility unresolved,"malaria/artemisinin: verify preparation, parasite stage, artemisinin or co-metabolite attribution, resistance state, and host exposure",identity; preparation; analytical method; parasite stage; dose/exposure; comparator; host selectivity; constituent attribution; mechanism; translational boundary
aucheri-armeniaca-antimalarial-2014,P086,Evaluation of in vitro antimalarial activity of different extracts of Artemisia aucheri Boiss. and A. armeniaca Lam. and fractions of the most potent extracts.,24558335,PMC3914376,https://pubmed.ncbi.nlm.nih.gov/24558335/,Artemisia aucheri and Artemisia armeniaca,Plasmodium surrogate,P1_malaria,PMC full text/XML candidate,full text verified; quantitative eligibility unresolved,"malaria/artemisinin: verify preparation, parasite stage, artemisinin or co-metabolite attribution, resistance state, and host exposure",identity; preparation; analytical method; parasite stage; dose/exposure; comparator; host selectivity; constituent attribution; mechanism; translational boundary
gorgonum-antiplasmodial,P013,Sesquiterpene lactones from the endemic Cape Verdean Artemisia gorgonum,19007951,,https://pubmed.ncbi.nlm.nih.gov/19007951/,Artemisia gorgonum,Plasmodium falciparum FcB1,P1_malaria,PubMed abstract plus publisher/full-text lookup,full text verified; quantitative eligibility unresolved,"malaria/artemisinin: verify preparation, parasite stage, artemisinin or co-metabolite attribution, resistance state, and host exposure",identity; preparation; analytical method; parasite stage; dose/exposure; comparator; host selectivity; constituent attribution; mechanism; translational boundary
indica-antimalarial-principles-1998,P066,Antimalarial principles from Artemisia indica.,9748386,,https://pubmed.ncbi.nlm.nih.gov/9748386/,Artemisia indica,Plasmodium falciparum,P1_malaria,PubMed abstract plus publisher/full-text lookup,full text verified; quantitative eligibility unresolved,"malaria/artemisinin: verify preparation, parasite stage, artemisinin or co-metabolite attribution, resistance state, and host exposure",identity; preparation; analytical method; parasite stage; dose/exposure; comparator; host selectivity; constituent attribution; mechanism; translational boundary
indica-antiprotozoal,P011,Antiprotozoal Effect of Artemisia indica Extracts and Essential Oil,26085047,,https://pubmed.ncbi.nlm.nih.gov/26085047/,Artemisia indica,Plasmodium falciparum; Trypanosoma brucei; Trypanosoma cruzi,P1_malaria,PubMed abstract plus publisher/full-text lookup,not yet screened at full text,"malaria/artemisinin: verify preparation, parasite stage, artemisinin or co-metabolite attribution, resistance state, and host exposure",identity; preparation; analytical method; parasite stage; dose/exposure; comparator; host selectivity; constituent attribution; mechanism; translational boundary
khorassanica-malaria,P071,In Vivo Antimalarial Effects of Iranian Flora Artemisia khorassanica against Plasmodium berghei and Pharmacochemistry of its Natural Components,22347230,,https://pubmed.ncbi.nlm.nih.gov/22347230/,Artemisia khorassanica,Plasmodium berghei,P1_malaria,PubMed abstract plus publisher/full-text lookup,full text verified; quantitative eligibility unresolved,"malaria/artemisinin: verify preparation, parasite stage, artemisinin or co-metabolite attribution, resistance state, and host exposure",identity; preparation; analytical method; parasite stage; dose/exposure; comparator; host selectivity; constituent attribution; mechanism; translational boundary
parthenin-parthenolide-malaria-transmission-2016,P120,The Nonartemisinin Sesquiterpene Lactones Parthenin and Parthenolide Block Plasmodium falciparum Sexual Stage Transmission,26787692,PMC4808191,https://pmc.ncbi.nlm.nih.gov/articles/PMC4808191/,Parthenium hysterophorus / non-Artemisia comparator,Plasmodium falciparum and mosquito-stage Plasmodium,P1_malaria,PMC full text/XML candidate,full text verified; quantitative eligibility unresolved,"malaria/artemisinin: verify preparation, parasite stage, artemisinin or co-metabolite attribution, resistance state, and host exposure",identity; preparation; analytical method; parasite stage; dose/exposure; comparator; host selectivity; constituent attribution; mechanism; translational boundary
pf-artemisinin-heme-detox-2021,P112,Artemisinin-Based Drugs Target the Plasmodium falciparum Heme Detoxification Pathway,33495226,PMC8097475,https://pmc.ncbi.nlm.nih.gov/articles/PMC8097475/,Artemisinin/A. annua-derived drug,Plasmodium falciparum,P1_malaria,PMC full text/XML candidate,full text verified; quantitative eligibility unresolved,"malaria/artemisinin: verify preparation, parasite stage, artemisinin or co-metabolite attribution, resistance state, and host exposure",identity; preparation; analytical method; parasite stage; dose/exposure; comparator; host selectivity; constituent attribution; mechanism; translational boundary
pf-artemisinin-oxidative-stress-2024,P110,Oxidative stress changes the effectiveness of artemisinin in Plasmodium falciparum,38323831,PMC10936410,https://pmc.ncbi.nlm.nih.gov/articles/PMC10936410/,Artemisinin/A. annua-derived drug,Plasmodium falciparum,P1_malaria,PMC full text/XML candidate,full text verified; quantitative eligibility unresolved,"malaria/artemisinin: verify preparation, parasite stage, artemisinin or co-metabolite attribution, resistance state, and host exposure",identity; preparation; analytical method; parasite stage; dose/exposure; comparator; host selectivity; constituent attribution; mechanism; translational boundary
pf-artemisinin-proteostasis-resistance-2024,P111,Enhanced cell stress response and protein degradation capacity underlie artemisinin resistance in Plasmodium falciparum,39436072,PMC11580438,https://pmc.ncbi.nlm.nih.gov/articles/PMC11580438/,Artemisinin/A. annua-derived drug,Plasmodium falciparum,P1_malaria,PMC full text/XML candidate,full text verified; quantitative eligibility unresolved,"malaria/artemisinin: verify preparation, parasite stage, artemisinin or co-metabolite attribution, resistance state, and host exposure",identity; preparation; analytical method; parasite stage; dose/exposure; comparator; host selectivity; constituent attribution; mechanism; translational boundary
pf-peroxide-redox-homeostasis-2022,P113,Peroxide Antimalarial Drugs Target Redox Homeostasis in Plasmodium falciparum Infected Red Blood Cells,34985858,PMC8762662,https://pmc.ncbi.nlm.nih.gov/articles/PMC8762662/,Artemisinin/A. annua-derived drug,Plasmodium falciparum,P1_malaria,PMC full text/XML candidate,full text verified; quantitative eligibility unresolved,"malaria/artemisinin: verify preparation, parasite stage, artemisinin or co-metabolite attribution, resistance state, and host exposure",identity; preparation; analytical method; parasite stage; dose/exposure; comparator; host selectivity; constituent attribution; mechanism; translational boundary
sieberi-malaria,P070,Antimalarial Effects of Iranian Flora Artemisia sieberi on Plasmodium berghei In Vivo in Mice and Phytochemistry Analysis of Its Herbal Extracts,22315701,,https://pubmed.ncbi.nlm.nih.gov/22315701/,Artemisia sieberi,Plasmodium berghei,P1_malaria,PubMed abstract plus publisher/full-text lookup,full text verified; quantitative eligibility unresolved,"malaria/artemisinin: verify preparation, parasite stage, artemisinin or co-metabolite attribution, resistance state, and host exposure",identity; preparation; analytical method; parasite stage; dose/exposure; comparator; host selectivity; constituent attribution; mechanism; translational boundary
absinthium-artemisinin-hcontortus-2019,P128,PSIV-9 Effects of plant extracts on adult Haemonchus contortus mortality,,PMC6898093,https://pmc.ncbi.nlm.nih.gov/articles/PMC6898093/,Artemisia absinthium,Haemonchus contortus adult worms,P1_wormwood_vermifuge,PMC full text/XML candidate,full text verified; quantitative eligibility unresolved,"A. absinthium vermifuge: verify voucher/chemotype, thujone and santonin quantitation, helminth stage, dose, host control, and residue limits",identity; preparation; analytical method; parasite stage; dose/exposure; comparator; host selectivity; constituent attribution; mechanism; translational boundary
absinthium-awassi-nematodes,P019;P074,Comparison of in vivo anthelmintic efficacy of Artemisia absinthium extract and albendazole in Awassi sheep with natural gastrointestinal nematode infection,42572844,,https://pubmed.ncbi.nlm.nih.gov/42572844/,Artemisia absinthium,gastrointestinal nematodes in Awassi sheep; gastrointestinal nematodes in naturally infected Awassi sheep,P1_wormwood_vermifuge,PubMed abstract plus publisher/full-text lookup,full text verified; quantitative eligibility unresolved,"A. absinthium vermifuge: verify voucher/chemotype, thujone and santonin quantitation, helminth stage, dose, host control, and residue limits",identity; preparation; analytical method; parasite stage; dose/exposure; comparator; host selectivity; constituent attribution; mechanism; translational boundary
absinthium-dracunculus-rootnematodes-2026,P061,Bioactivity of Artemisia dracunculus and A. absinthium Essential Oils Against Stored Product Insect Pests and Root-Knot Nematodes,42652491,PMC13513081,https://pmc.ncbi.nlm.nih.gov/articles/PMC13513081/,Artemisia absinthium; Artemisia dracunculus,root-knot nematodes and stored-product insects,P1_wormwood_vermifuge,PMC full text/XML candidate,full text verified; quantitative eligibility unresolved,"A. absinthium vermifuge: verify voucher/chemotype, thujone and santonin quantitation, helminth stage, dose, host control, and residue limits",identity; preparation; analytical method; parasite stage; dose/exposure; comparator; host selectivity; constituent attribution; mechanism; translational boundary
absinthium-european-tinctures-2025,P027;P119,Anthelmintic Activity of Traditional Medicinal Plants Used in Europe,41463411,PMC12729885,https://pmc.ncbi.nlm.nih.gov/articles/PMC12729885/,Artemisia absinthium,Haemonchus contortus; Strongyloides papillosus; Strongyloides papillosus; Haemonchus contortus,P1_wormwood_vermifuge,PMC full text/XML candidate,full text verified; quantitative eligibility unresolved,"A. absinthium vermifuge: verify voucher/chemotype, thujone and santonin quantitation, helminth stage, dose, host control, and residue limits",identity; preparation; analytical method; parasite stage; dose/exposure; comparator; host selectivity; constituent attribution; mechanism; translational boundary
absinthium-goat-coccidiosis-2013,P062,"Antiparasitic efficacy of Artemisia absinthium, toltrazuril and amprolium against intestinal coccidiosis in goats",24431547,PMC3590371,https://pmc.ncbi.nlm.nih.gov/articles/PMC3590371/,Artemisia absinthium,Eimeria spp.,P1_wormwood_vermifuge,PMC full text/XML candidate,full text verified; quantitative eligibility unresolved,"A. absinthium vermifuge: verify voucher/chemotype, thujone and santonin quantitation, helminth stage, dose, host control, and residue limits",identity; preparation; analytical method; parasite stage; dose/exposure; comparator; host selectivity; constituent attribution; mechanism; translational boundary
absinthium-goat-nematodes-2025,P051,"In vitro and in vivo anthelmintic activity of Artemisia absinthium against gastrointestinal nematodes of free-grazing goats from Ayacucho, Peru",41328231,,https://pubmed.ncbi.nlm.nih.gov/41328231/,Artemisia absinthium,goat gastrointestinal nematodes,P1_wormwood_vermifuge,PubMed abstract plus publisher/full-text lookup,full text verified; quantitative eligibility unresolved,"A. absinthium vermifuge: verify voucher/chemotype, thujone and santonin quantitation, helminth stage, dose, host control, and residue limits",identity; preparation; analytical method; parasite stage; dose/exposure; comparator; host selectivity; constituent attribution; mechanism; translational boundary
absinthium-haemonchus-medicinal-plants-2018,P057,Ovicidal and larvicidal activity of extracts from medicinal-plants against Haemonchus contortus,30389531,,https://pubmed.ncbi.nlm.nih.gov/30389531/,Artemisia absinthium,Haemonchus contortus,P1_wormwood_vermifuge,PubMed abstract plus publisher/full-text lookup,full text verified; quantitative eligibility unresolved,"A. absinthium vermifuge: verify voucher/chemotype, thujone and santonin quantitation, helminth stage, dose, host control, and residue limits",identity; preparation; analytical method; parasite stage; dose/exposure; comparator; host selectivity; constituent attribution; mechanism; translational boundary
absinthium-hymenolepis-2018,P041,Therapeutic efficacy of Artemisia absinthium against Hymenolepis nana: in vitro and in vivo studies in comparison with the anthelmintic praziquantel,28606189,,https://pubmed.ncbi.nlm.nih.gov/28606189/,Artemisia absinthium,Hymenolepis nana,P1_wormwood_vermifuge,PubMed abstract plus publisher/full-text lookup,full text verified; quantitative eligibility unresolved,"A. absinthium vermifuge: verify voucher/chemotype, thujone and santonin quantitation, helminth stage, dose, host control, and residue limits",identity; preparation; analytical method; parasite stage; dose/exposure; comparator; host selectivity; constituent attribution; mechanism; translational boundary
absinthium-ovine-nematodes,P015;P072,Anthelmintic activity of extracts of Artemisia absinthium against ovine nematodes,19070963,,https://pubmed.ncbi.nlm.nih.gov/19070963/,Artemisia absinthium,ovine gastrointestinal nematodes; ovine gastrointestinal nematodes including Haemonchus contortus,P1_wormwood_vermifuge,PubMed abstract plus publisher/full-text lookup,full text verified; quantitative eligibility unresolved,"A. absinthium vermifuge: verify voucher/chemotype, thujone and santonin quantitation, helminth stage, dose, host control, and residue limits",identity; preparation; analytical method; parasite stage; dose/exposure; comparator; host selectivity; constituent attribution; mechanism; translational boundary
absinthium-selective-nematocidal-oils,P016,Selective nematocidal effects of essential oils from two cultivated Artemisia absinthium populations,26444350,,https://pubmed.ncbi.nlm.nih.gov/26444350/,Artemisia absinthium,Trichinella spiralis; Meloidogyne javanica,P1_wormwood_vermifuge,PubMed abstract plus publisher/full-text lookup,full text verified; quantitative eligibility unresolved,"A. absinthium vermifuge: verify voucher/chemotype, thujone and santonin quantitation, helminth stage, dose, host control, and residue limits",identity; preparation; analytical method; parasite stage; dose/exposure; comparator; host selectivity; constituent attribution; mechanism; translational boundary
absinthium-trichinella-rats-2008,P114,Comparison of the effects of Artemisia vulgaris and Artemisia absinthium growing in western Anatolia against trichinellosis (Trichinella spiralis) in rats,18325496,,https://pubmed.ncbi.nlm.nih.gov/18325496/,Artemisia absinthium,Trichinella spiralis,P1_wormwood_vermifuge,PubMed abstract plus publisher/full-text lookup,full text verified; quantitative eligibility unresolved,"A. absinthium vermifuge: verify voucher/chemotype, thujone and santonin quantitation, helminth stage, dose, host control, and residue limits",identity; preparation; analytical method; parasite stage; dose/exposure; comparator; host selectivity; constituent attribution; mechanism; translational boundary
absinthium-wormwood-lambs,P017;P073,Anthelmintic activity of wormwood (Artemisia absinthium L.) and mallow against Haemonchus contortus in sheep,32013192,PMC7070545,https://pmc.ncbi.nlm.nih.gov/articles/PMC7070545/,Artemisia absinthium,Haemonchus contortus,P1_wormwood_vermifuge,PMC full text/XML candidate,full text verified; quantitative eligibility unresolved,"A. absinthium vermifuge: verify voucher/chemotype, thujone and santonin quantitation, helminth stage, dose, host control, and residue limits",identity; preparation; analytical method; parasite stage; dose/exposure; comparator; host selectivity; constituent attribution; mechanism; translational boundary
annua-haemonchus-gerbil,P126,Effects of artemisinin and Artemisia extracts on Haemonchus contortus in gerbils,20943323,,https://pubmed.ncbi.nlm.nih.gov/20943323/,Artemisia annua; Artemisia absinthium,Haemonchus contortus,P1_wormwood_vermifuge,PubMed abstract plus publisher/full-text lookup,full text verified; quantitative eligibility unresolved,"A. absinthium vermifuge: verify voucher/chemotype, thujone and santonin quantitation, helminth stage, dose, host control, and residue limits",identity; preparation; analytical method; parasite stage; dose/exposure; comparator; host selectivity; constituent attribution; mechanism; translational boundary
absinthium-schistosoma,P023,Flavonoids and Sesquiterpene Lactones from Artemisia absinthium and Tanacetum parthenium against Schistosoma mansoni Worms,27980595,PMC5131251,https://pmc.ncbi.nlm.nih.gov/articles/PMC5131251/,Artemisia absinthium,Schistosoma mansoni,P2_helminth_or_protozoan,PMC full text/XML candidate,full text verified; quantitative eligibility unresolved,"antiparasitic phenotype: verify species/stage, preparation chemistry, dose, comparator, selectivity, and whether a defined constituent was tested",identity; preparation; analytical method; parasite stage; dose/exposure; comparator; host selectivity; constituent attribution; mechanism; translational boundary
absinthium-toxocara-2011,P042,Antiparasitic efficiency of Artemisia absinthium on Toxocara cati in naturally infected cats,21618184,,https://pubmed.ncbi.nlm.nih.gov/21618184/,Artemisia absinthium,Toxocara cati,P2_helminth_or_protozoan,PubMed abstract plus publisher/full-text lookup,full text verified; quantitative eligibility unresolved,"antiparasitic phenotype: verify species/stage, preparation chemistry, dose, comparator, selectivity, and whether a defined constituent was tested",identity; preparation; analytical method; parasite stage; dose/exposure; comparator; host selectivity; constituent attribution; mechanism; translational boundary
annua-eimeria-host-response-2018,P076,Artemisinin and Artemisia annua leaves alleviate Eimeria tenella infection by facilitating apoptosis of host cells and suppressing inflammatory response.,29657004,,https://pubmed.ncbi.nlm.nih.gov/29657004/,Artemisia annua,Eimeria tenella,P2_helminth_or_protozoan,PubMed abstract plus publisher/full-text lookup,not yet screened at full text,"antiparasitic phenotype: verify species/stage, preparation chemistry, dose, comparator, selectivity, and whether a defined constituent was tested",identity; preparation; analytical method; parasite stage; dose/exposure; comparator; host selectivity; constituent attribution; mechanism; translational boundary
annua-haemonchus-sheep-2014,P032,Anthelmintic activity of Artemisia annua L. extracts in vitro and the effect of an aqueous extract and artemisinin in sheep naturally infected with gastrointestinal nematodes,24802864,,https://pubmed.ncbi.nlm.nih.gov/24802864/,Artemisia annua,Haemonchus contortus and mixed ovine gastrointestinal nematodes,P2_helminth_or_protozoan,PubMed abstract plus publisher/full-text lookup,full text verified; quantitative eligibility unresolved,"antiparasitic phenotype: verify species/stage, preparation chemistry, dose, comparator, selectivity, and whether a defined constituent was tested",identity; preparation; analytical method; parasite stage; dose/exposure; comparator; host selectivity; constituent attribution; mechanism; translational boundary
annua-haemonchus-sheep-2017,P127,Anthelmintic activity of Artemisia annua in sheep-model,,,https://academicjournals.org/journal/JMPR/article-full-text-pdf/639A8F162816.pdf,Artemisia annua,Haemonchus contortus and ovine gastrointestinal nematodes,P2_helminth_or_protozoan,PubMed abstract plus publisher/full-text lookup,full text verified; quantitative eligibility unresolved,"antiparasitic phenotype: verify species/stage, preparation chemistry, dose, comparator, selectivity, and whether a defined constituent was tested",identity; preparation; analytical method; parasite stage; dose/exposure; comparator; host selectivity; constituent attribution; mechanism; translational boundary
brevifolia-anthelmintic-sheep-2004,P033,Anthelmintic activity of Artemisia brevifolia in sheep,15234763,,https://pubmed.ncbi.nlm.nih.gov/15234763/,Artemisia brevifolia,Haemonchus contortus and mixed gastrointestinal nematodes,P2_helminth_or_protozoan,PubMed abstract plus publisher/full-text lookup,not yet screened at full text,"antiparasitic phenotype: verify species/stage, preparation chemistry, dose, comparator, selectivity, and whether a defined constituent was tested",identity; preparation; analytical method; parasite stage; dose/exposure; comparator; host selectivity; constituent attribution; mechanism; translational boundary
campestris-haemonchus-2014,P043,In vitro evidence that the pastoral Artemisia campestris species exerts an anthelmintic effect on Haemonchus contortus from sheep,25027867,,https://pubmed.ncbi.nlm.nih.gov/25027867/,Artemisia campestris,Haemonchus contortus,P2_helminth_or_protozoan,PubMed abstract plus publisher/full-text lookup,full text verified; quantitative eligibility unresolved,"antiparasitic phenotype: verify species/stage, preparation chemistry, dose, comparator, selectivity, and whether a defined constituent was tested",identity; preparation; analytical method; parasite stage; dose/exposure; comparator; host selectivity; constituent attribution; mechanism; translational boundary
campestris-helminth,P007,Chemical analyses and anthelmintic effects of Artemisia campestris essential oil,30389026,,https://pubmed.ncbi.nlm.nih.gov/30389026/,Artemisia campestris,Haemonchus contortus; Heligmosomoides polygyrus,P2_helminth_or_protozoan,PubMed abstract plus publisher/full-text lookup,full text verified; quantitative eligibility unresolved,"antiparasitic phenotype: verify species/stage, preparation chemistry, dose, comparator, selectivity, and whether a defined constituent was tested",identity; preparation; analytical method; parasite stage; dose/exposure; comparator; host selectivity; constituent attribution; mechanism; translational boundary
cina-bioassay-sesquiterpene,P059,Bio-guided isolation of a new sesquiterpene from Artemisia cina with anthelmintic activity against Haemonchus contortus L3 infective larvae,38865346,,https://pubmed.ncbi.nlm.nih.gov/38865346/,Artemisia cina,Haemonchus contortus L3,P2_helminth_or_protozoan,PubMed abstract plus publisher/full-text lookup,full text verified; quantitative eligibility unresolved,"antiparasitic phenotype: verify species/stage, preparation chemistry, dose, comparator, selectivity, and whether a defined constituent was tested",identity; preparation; analytical method; parasite stage; dose/exposure; comparator; host selectivity; constituent attribution; mechanism; translational boundary
cina-haemonchus-gerbil-2021,P045,In Vitro Nematocidal Effect and Anthelmintic Activity of Artemisia cina Against Haemonchus contortus in Gerbils and Relative Expression of Hc29 Gene in Transitional Larvae (L3-L4),33721186,,https://pubmed.ncbi.nlm.nih.gov/33721186/,Artemisia cina,Haemonchus contortus,P2_helminth_or_protozoan,PubMed abstract plus publisher/full-text lookup,not yet screened at full text,"antiparasitic phenotype: verify species/stage, preparation chemistry, dose, comparator, selectivity, and whether a defined constituent was tested",identity; preparation; analytical method; parasite stage; dose/exposure; comparator; host selectivity; constituent attribution; mechanism; translational boundary
cina-lignan-nematocidal-2023,P125,3'-Demethoxy-6-O-Demethylisoguaiacin and Norisoguaiacin Nematocidal Lignans from Artemisia cina against Haemonchus contortus Infective Larvae,,PMC9962954,https://pmc.ncbi.nlm.nih.gov/articles/PMC9962954/,Artemisia cina,Haemonchus contortus,P2_helminth_or_protozoan,PMC full text/XML candidate,full text verified; quantitative eligibility unresolved,"antiparasitic phenotype: verify species/stage, preparation chemistry, dose, comparator, selectivity, and whether a defined constituent was tested",identity; preparation; analytical method; parasite stage; dose/exposure; comparator; host selectivity; constituent attribution; mechanism; translational boundary
cina-periparturient-ewes-2025,P130,Using an Aqueous Suspension of Duddingtonia flagrans Chlamydospores and a Hexane Extract of Artemisia cina as Sustainable Methods to Reduce the Fecal Egg Count and Larvae of Haemonchus contortus in the Feces of Periparturient Ewes,40005482,PMC11858085,https://pmc.ncbi.nlm.nih.gov/articles/PMC11858085/,Artemisia cina,Haemonchus contortus,P2_helminth_or_protozoan,PMC full text/XML candidate,full text verified; quantitative eligibility unresolved,"antiparasitic phenotype: verify species/stage, preparation chemistry, dose, comparator, selectivity, and whether a defined constituent was tested",identity; preparation; analytical method; parasite stage; dose/exposure; comparator; host selectivity; constituent attribution; mechanism; translational boundary
cina-peruvin-synergy-2024,P049,Understanding Artemisia cina Ethyl Acetate Extract's Anthelmintic Effect on Haemonchus contortus Eggs and L3 Larvae: The Synergism of Peruvin Binary Mixtures,38921806,,https://pubmed.ncbi.nlm.nih.gov/38921806/,Artemisia cina,Haemonchus contortus,P2_helminth_or_protozoan,PubMed abstract plus publisher/full-text lookup,full text verified; quantitative eligibility unresolved,"antiparasitic phenotype: verify species/stage, preparation chemistry, dose, comparator, selectivity, and whether a defined constituent was tested",identity; preparation; analytical method; parasite stage; dose/exposure; comparator; host selectivity; constituent attribution; mechanism; translational boundary
cina-silver-nanoparticles-helminth-2025,P056,Antiparasitic Activity of Silver Nanoparticles Synthesized from Artemisia cina Aqueous Extract Against Haemonchus contortus,41471206,PMC12735895,https://pmc.ncbi.nlm.nih.gov/articles/PMC12735895/,Artemisia cina,Haemonchus contortus,P2_helminth_or_protozoan,PMC full text/XML candidate,full text verified; quantitative eligibility unresolved,"antiparasitic phenotype: verify species/stage, preparation chemistry, dose, comparator, selectivity, and whether a defined constituent was tested",identity; preparation; analytical method; parasite stage; dose/exposure; comparator; host selectivity; constituent attribution; mechanism; translational boundary
herba-alba-cattle-haemonchus-2025,P050,The anthelmintic activity of the white wormwood (Artemisia herba Alba) against Haemonchus contortus in beef cattle,39754020,,https://pubmed.ncbi.nlm.nih.gov/39754020/,Artemisia herba-alba,Haemonchus contortus,P2_helminth_or_protozoan,PubMed abstract plus publisher/full-text lookup,full text verified; quantitative eligibility unresolved,"antiparasitic phenotype: verify species/stage, preparation chemistry, dose, comparator, selectivity, and whether a defined constituent was tested",identity; preparation; analytical method; parasite stage; dose/exposure; comparator; host selectivity; constituent attribution; mechanism; translational boundary
herba-alba-goat-haemonchus-1982,P046,The anthelmintic efficacy of Artemisia herba-alba against Haemonchus contortus infection in goats,7162537,,https://pubmed.ncbi.nlm.nih.gov/7162537/,Artemisia herba-alba,Haemonchus contortus,P2_helminth_or_protozoan,PubMed abstract plus publisher/full-text lookup,not yet screened at full text,"antiparasitic phenotype: verify species/stage, preparation chemistry, dose, comparator, selectivity, and whether a defined constituent was tested",identity; preparation; analytical method; parasite stage; dose/exposure; comparator; host selectivity; constituent attribution; mechanism; translational boundary
herba-alba-haemonchus-crude-extract-2020,P034,In Vitro Anthelmintic Activity of Crude Extracts of Artemisia herba-alba and Punica granatum against Haemonchus contortus,32411422,PMC7204145,https://pmc.ncbi.nlm.nih.gov/articles/PMC7204145/,Artemisia herba-alba,Haemonchus contortus,P2_helminth_or_protozoan,PMC full text/XML candidate,full text verified; quantitative eligibility unresolved,"antiparasitic phenotype: verify species/stage, preparation chemistry, dose, comparator, selectivity, and whether a defined constituent was tested",identity; preparation; analytical method; parasite stage; dose/exposure; comparator; host selectivity; constituent attribution; mechanism; translational boundary
inculta-schistosomiasis-toxicity-2006,P096,Assessment of the toxicity of Artemisia inculta extract on the bone marrow of mice infected with schistosomiasis.,16572925,,https://pubmed.ncbi.nlm.nih.gov/16572925/,Artemisia inculta,Schistosoma spp.,P2_helminth_or_protozoan,PubMed abstract plus publisher/full-text lookup,not yet screened at full text,"antiparasitic phenotype: verify species/stage, preparation chemistry, dose, comparator, selectivity, and whether a defined constituent was tested",identity; preparation; analytical method; parasite stage; dose/exposure; comparator; host selectivity; constituent attribution; mechanism; translational boundary
indica-roxburghiana-nematodes-2015,P044,Anthelmintic properties of extracts from Artemisia plants against nematodes,26691254,,https://pubmed.ncbi.nlm.nih.gov/26691254/,Artemisia indica; Artemisia roxburghiana,mixed gastrointestinal nematodes,P2_helminth_or_protozoan,PubMed abstract plus publisher/full-text lookup,full text verified; quantitative eligibility unresolved,"antiparasitic phenotype: verify species/stage, preparation chemistry, dose, comparator, selectivity, and whether a defined constituent was tested",identity; preparation; analytical method; parasite stage; dose/exposure; comparator; host selectivity; constituent attribution; mechanism; translational boundary
ludoviciana-fasciola-2023,P048,Evaluation of the ovicidal activity and fasciolicidal activity of the extract of ethyl acetate from Artemisia ludoviciana Nutt. spp. mexicana and of artemisinin against adult parasites of Fasciola hepatica,38148378,,https://pubmed.ncbi.nlm.nih.gov/38148378/,Artemisia ludoviciana subsp. mexicana,Fasciola hepatica,P2_helminth_or_protozoan,PubMed abstract plus publisher/full-text lookup,full text verified; quantitative eligibility unresolved,"antiparasitic phenotype: verify species/stage, preparation chemistry, dose, comparator, selectivity, and whether a defined constituent was tested",identity; preparation; analytical method; parasite stage; dose/exposure; comparator; host selectivity; constituent attribution; mechanism; translational boundary
ludoviciana-fasciola-toxicity-2023,P116,"Genotoxicity, acute toxicity and chronic toxicities of ethyl acetate leaf extract of Artemisia ludoviciana Nutt. spp mexicana, on fasciolicidal efficacy",37187257,,https://pubmed.ncbi.nlm.nih.gov/37187257/,Artemisia ludoviciana subsp. mexicana,Fasciola hepatica,P2_helminth_or_protozoan,PubMed abstract plus publisher/full-text lookup,not yet screened at full text,"antiparasitic phenotype: verify species/stage, preparation chemistry, dose, comparator, selectivity, and whether a defined constituent was tested",identity; preparation; analytical method; parasite stage; dose/exposure; comparator; host selectivity; constituent attribution; mechanism; translational boundary
maritima-sheep-2026,P129,In-vivo anthelmintic potential of Artemisia maritima and its effects on haematological parameters in sheep of Kashmir,,,https://www.sciencedirect.com/science/article/abs/pii/S2405939026001425,Artemisia maritima,mixed gastrointestinal nematodes in naturally infected sheep,P2_helminth_or_protozoan,PubMed abstract plus publisher/full-text lookup,not yet screened at full text,"antiparasitic phenotype: verify species/stage, preparation chemistry, dose, comparator, selectivity, and whether a defined constituent was tested",identity; preparation; analytical method; parasite stage; dose/exposure; comparator; host selectivity; constituent attribution; mechanism; translational boundary
sieberi-artemisinin-coccidia-2007,P064,Determination of artemisinin in Artemisia sieberi and anticoccidial effects of the plant extract in broiler chickens.,17243478,,https://pubmed.ncbi.nlm.nih.gov/17243478/,Artemisia sieberi,Eimeria tenella; Eimeria acervulina; Eimeria maxima,P2_helminth_or_protozoan,PubMed abstract plus publisher/full-text lookup,not yet screened at full text,"antiparasitic phenotype: verify species/stage, preparation chemistry, dose, comparator, selectivity, and whether a defined constituent was tested",identity; preparation; analytical method; parasite stage; dose/exposure; comparator; host selectivity; constituent attribution; mechanism; translational boundary
vestita-maritima-helminth,P009;P082;P083,Anthelmintic activity of Artemisia vestita Wall ex DC. and Artemisia maritima L. against Haemonchus contortus from sheep,26194429,,https://pubmed.ncbi.nlm.nih.gov/26194429/,Artemisia maritima; Artemisia vestita; Artemisia vestita; Artemisia maritima,Haemonchus contortus,P2_helminth_or_protozoan,PubMed abstract plus publisher/full-text lookup,full text verified; quantitative eligibility unresolved,"antiparasitic phenotype: verify species/stage, preparation chemistry, dose, comparator, selectivity, and whether a defined constituent was tested",identity; preparation; analytical method; parasite stage; dose/exposure; comparator; host selectivity; constituent attribution; mechanism; translational boundary
vulgaris-fasciola-2023,P052,Artemisia vulgaris anthelmintic activities to ova and adult stages of Fasciola gigantica in vitro,37576776,,https://pubmed.ncbi.nlm.nih.gov/37576776/,Artemisia vulgaris,Fasciola gigantica,P2_helminth_or_protozoan,PubMed abstract plus publisher/full-text lookup,full text verified; quantitative eligibility unresolved,"antiparasitic phenotype: verify species/stage, preparation chemistry, dose, comparator, selectivity, and whether a defined constituent was tested",identity; preparation; analytical method; parasite stage; dose/exposure; comparator; host selectivity; constituent attribution; mechanism; translational boundary
absinthium-cuba-leishmania,P014,Chemistry and leishmanicidal activity of the essential oil from Artemisia absinthium from Cuba,25632489,,https://pubmed.ncbi.nlm.nih.gov/25632489/,Artemisia absinthium,Leishmania amazonensis,P2_other_protozoan,PubMed abstract plus publisher/full-text lookup,full text verified; quantitative eligibility unresolved,"protozoan activity: verify parasite stage, host-cell model, chemical attribution, and mechanism evidence",identity; preparation; analytical method; parasite stage; dose/exposure; comparator; host selectivity; constituent attribution; mechanism; translational boundary
absinthium-leishmania,P069,In vitro evaluation of antileishmanial activity and toxicity of essential oils of Artemisia absinthium and Echinops kebericho,21480507,,https://pubmed.ncbi.nlm.nih.gov/21480507/,Artemisia absinthium,Leishmania aethiopica; Leishmania donovani,P2_other_protozoan,PubMed abstract plus publisher/full-text lookup,full text verified; quantitative eligibility unresolved,"protozoan activity: verify parasite stage, host-cell model, chemical attribution, and mechanism evidence",identity; preparation; analytical method; parasite stage; dose/exposure; comparator; host selectivity; constituent attribution; mechanism; translational boundary
absinthium-nanocochleate-leishmania,P024,In Vitro and In Vivo Evaluation of Essential Oil from Artemisia absinthium L. Formulated in Nanocochleates against Cutaneous Leishmaniasis,28930253,PMC5590074,https://pmc.ncbi.nlm.nih.gov/articles/PMC5590074/,Artemisia absinthium,Leishmania amazonensis,P2_other_protozoan,PMC full text/XML candidate,full text verified; quantitative eligibility unresolved,"protozoan activity: verify parasite stage, host-cell model, chemical attribution, and mechanism evidence",identity; preparation; analytical method; parasite stage; dose/exposure; comparator; host selectivity; constituent attribution; mechanism; translational boundary
abyssinica-leishmania,P006,"Essential-oil composition, antileishmanial, and toxicity study of Artemisia abyssinica and Satureja punctata ssp. punctata from Ethiopia",20397218,,https://pubmed.ncbi.nlm.nih.gov/20397218/,Artemisia abyssinica,Leishmania donovani; L. aethiopica,P2_other_protozoan,PubMed abstract plus publisher/full-text lookup,not yet screened at full text,"protozoan activity: verify parasite stage, host-cell model, chemical attribution, and mechanism evidence",identity; preparation; analytical method; parasite stage; dose/exposure; comparator; host selectivity; constituent attribution; mechanism; translational boundary
annua-leishmania,P001;P002;P003,Leishmanicidal activities of Artemisia annua leaf essential oil against visceral leishmaniasis,25505453,PMC4243575,https://pmc.ncbi.nlm.nih.gov/articles/PMC4243575/,Artemisia annua,Leishmania donovani,P2_other_protozoan,PMC full text/XML candidate,full text verified; quantitative eligibility unresolved,"protozoan activity: verify parasite stage, host-cell model, chemical attribution, and mechanism evidence",identity; preparation; analytical method; parasite stage; dose/exposure; comparator; host selectivity; constituent attribution; mechanism; translational boundary
annua-silicon-trichome-toxoplasma-2016,P075,"Si-Accumulation In Artemisia annua Glandular Trichomes Increases Artemisinin Concentration, but Does Not Interfere In the Impairment of Toxoplasma gondii Growth.",27721819,PMC5033981,https://pmc.ncbi.nlm.nih.gov/articles/PMC5033981/,Artemisia annua,Toxoplasma gondii,P2_other_protozoan,PMC full text/XML candidate,full text verified; quantitative eligibility unresolved,"protozoan activity: verify parasite stage, host-cell model, chemical attribution, and mechanism evidence",identity; preparation; analytical method; parasite stage; dose/exposure; comparator; host selectivity; constituent attribution; mechanism; translational boundary
annua-standardized-leishmania-2025,P055,Standardized Artemisia annua Exhibits Dual Antileishmanial Activity and Immunomodulatory Potential In Vitro,41150090,,https://pubmed.ncbi.nlm.nih.gov/41150090/,Artemisia annua,Leishmania infantum,P2_other_protozoan,PubMed abstract plus publisher/full-text lookup,full text verified; quantitative eligibility unresolved,"protozoan activity: verify parasite stage, host-cell model, chemical attribution, and mechanism evidence",identity; preparation; analytical method; parasite stage; dose/exposure; comparator; host selectivity; constituent attribution; mechanism; translational boundary
campestris-herba-alba-leishmania,P004;P005,Asteraceae Artemisia campestris and Artemisia herba-alba Essential Oils Trigger Apoptosis and Cell Cycle Arrest in Leishmania infantum Promastigotes,27807464,PMC5078739,https://pmc.ncbi.nlm.nih.gov/articles/PMC5078739/,Artemisia campestris; Artemisia herba-alba,Leishmania infantum,P2_other_protozoan,PMC full text/XML candidate,full text verified; quantitative eligibility unresolved,"protozoan activity: verify parasite stage, host-cell model, chemical attribution, and mechanism evidence",identity; preparation; analytical method; parasite stage; dose/exposure; comparator; host selectivity; constituent attribution; mechanism; translational boundary
ethiopian-trypanosome,P010,Volatile components of four Ethiopian Artemisia species extracts and their in vitro antitrypanosomal and cytotoxic activities,19683909,,https://pubmed.ncbi.nlm.nih.gov/19683909/,Artemisia absinthium; A. abyssinica; A. afra; A. annua,Trypanosoma brucei brucei,P2_other_protozoan,PubMed abstract plus publisher/full-text lookup,not yet screened at full text,"protozoan activity: verify parasite stage, host-cell model, chemical attribution, and mechanism evidence",identity; preparation; analytical method; parasite stage; dose/exposure; comparator; host selectivity; constituent attribution; mechanism; translational boundary
kermanensis-leishmania-2023,P053,Isolation of potent antileishmanial agents from Artemisia kermanensis Podlech using bioguided fractionation,37193491,,https://pubmed.ncbi.nlm.nih.gov/37193491/,Artemisia kermanensis,Leishmania major,P2_other_protozoan,PubMed abstract plus publisher/full-text lookup,full text verified; quantitative eligibility unresolved,"protozoan activity: verify parasite stage, host-cell model, chemical attribution, and mechanism evidence",identity; preparation; analytical method; parasite stage; dose/exposure; comparator; host selectivity; constituent attribution; mechanism; translational boundary
khorassanica-purified-stls-leishmania-2022,P077,Phytochemical study of Seriphidium khorassanicum (syn. Artemisia khorassanica) aerial parts: sesquiterpene lactones with anti-protozoal activity.,35856479,,https://pubmed.ncbi.nlm.nih.gov/35856479/,Seriphidium khorassanicum (syn. Artemisia khorassanica),Leishmania major,P2_other_protozoan,PubMed abstract plus publisher/full-text lookup,not yet screened at full text,"protozoan activity: verify parasite stage, host-cell model, chemical attribution, and mechanism evidence",identity; preparation; analytical method; parasite stage; dose/exposure; comparator; host selectivity; constituent attribution; mechanism; translational boundary
scoparia-callus-leishmania,P012,Biosynthesis of anti-leishmanial natural products in callus cultures of Artemisia scoparia,30942629,,https://pubmed.ncbi.nlm.nih.gov/30942629/,Artemisia scoparia,Leishmania tropica,P2_other_protozoan,PubMed abstract plus publisher/full-text lookup,full text verified; quantitative eligibility unresolved,"protozoan activity: verify parasite stage, host-cell model, chemical attribution, and mechanism evidence",identity; preparation; analytical method; parasite stage; dose/exposure; comparator; host selectivity; constituent attribution; mechanism; translational boundary
sieberi-artemisinin-leishmania-2013,P085,Comparison Between in Vitro Effects of Aqueous Extract of Artemisia seiberi and Artemisinin on Leishmania major.,24624191,,https://pubmed.ncbi.nlm.nih.gov/24624191/,Artemisia sieberi,Leishmania major,P2_other_protozoan,PubMed abstract plus publisher/full-text lookup,full text verified; quantitative eligibility unresolved,"protozoan activity: verify parasite stage, host-cell model, chemical attribution, and mechanism evidence",identity; preparation; analytical method; parasite stage; dose/exposure; comparator; host selectivity; constituent attribution; mechanism; translational boundary
stl-leishmania-mexicana,P068,Natural sesquiterpene lactones are active against Leishmania mexicana,18576826,,https://pubmed.ncbi.nlm.nih.gov/18576826/,Artemisia species,Leishmania mexicana,P2_other_protozoan,PubMed abstract plus publisher/full-text lookup,not yet screened at full text,"protozoan activity: verify parasite stage, host-cell model, chemical attribution, and mechanism evidence",identity; preparation; analytical method; parasite stage; dose/exposure; comparator; host selectivity; constituent attribution; mechanism; translational boundary
stl-tcruzi-pcd-2014,P060,Natural sesquiterpene lactones induce programmed cell death in Trypanosoma cruzi: a new therapeutic target?,25022207,,https://pubmed.ncbi.nlm.nih.gov/25022207/,Artemisia douglassiana,Trypanosoma cruzi,P2_other_protozoan,PubMed abstract plus publisher/full-text lookup,not yet screened at full text,"protozoan activity: verify parasite stage, host-cell model, chemical attribution, and mechanism evidence",identity; preparation; analytical method; parasite stage; dose/exposure; comparator; host selectivity; constituent attribution; mechanism; translational boundary
annua-cattle-tick-2011,P109,In-Vitro Assessment of the Acaricidal Properties of Artemisia annua and Zataria multiflora Essential Oils to Control Cattle Ticks,22347275,,https://pubmed.ncbi.nlm.nih.gov/22347275/,Artemisia annua,Rhipicephalus annulatus,P3_vector_or_ectoparasite,PubMed abstract plus publisher/full-text lookup,full text verified; quantitative eligibility unresolved,"vector or ectoparasite control: verify life stage, exposure route, mixture composition, non-target controls, and field relevance",identity; preparation; analytical method; parasite stage; dose/exposure; comparator; host selectivity; constituent attribution; mechanism; translational boundary
annua-culex-larvicide-2012,P090;P091,Bioassay of Artemisia annua leaf extracts and artemisinin against larvae of Culex quinquefasciatus and Culex tritaeniorhynchus.,23393756,,https://pubmed.ncbi.nlm.nih.gov/23393756/,Artemisia annua,Culex quinquefasciatus; Culex tritaeniorhynchus,P3_vector_or_ectoparasite,PubMed abstract plus publisher/full-text lookup,not yet screened at full text,"vector or ectoparasite control: verify life stage, exposure route, mixture composition, non-target controls, and field relevance",identity; preparation; analytical method; parasite stage; dose/exposure; comparator; host selectivity; constituent attribution; mechanism; translational boundary
artemisia-oil-nanoliposome-mosquito-2023,P080,Nanoliposomes containing three essential oils from the Artemisia genus as effective larvicides against Aedes aegypti and Anopheles stephensi.,37420038,PMC10328918,https://pubmed.ncbi.nlm.nih.gov/37420038/,A. annua; A. dracunculus; A. sieberi,Aedes aegypti and Anopheles stephensi,P3_vector_or_ectoparasite,PMC full text/XML candidate,full text verified; quantitative eligibility unresolved,"vector or ectoparasite control: verify life stage, exposure route, mixture composition, non-target controls, and field relevance",identity; preparation; analytical method; parasite stage; dose/exposure; comparator; host selectivity; constituent attribution; mechanism; translational boundary
dracunculus-anopheles-nanogel-2022,P115,Nanoemulsion and nanogel containing Artemisia dracunculus essential oil; larvicidal effect and antibacterial activity,35962444,PMC9373287,https://pmc.ncbi.nlm.nih.gov/articles/PMC9373287/,Artemisia dracunculus,Anopheles stephensi,P3_vector_or_ectoparasite,PMC full text/XML candidate,full text verified; quantitative eligibility unresolved,"vector or ectoparasite control: verify life stage, exposure route, mixture composition, non-target controls, and field relevance",identity; preparation; analytical method; parasite stage; dose/exposure; comparator; host selectivity; constituent attribution; mechanism; translational boundary
gilvescens-mosquito,P008,Chemical composition and larvicidal activity of essential oil of Artemisia gilvescens against Anopheles anthropophagus,23263328,,https://pubmed.ncbi.nlm.nih.gov/23263328/,Artemisia gilvescens,Anopheles anthropophagus,P3_vector_or_ectoparasite,PubMed abstract plus publisher/full-text lookup,not yet screened at full text,"vector or ectoparasite control: verify life stage, exposure route, mixture composition, non-target controls, and field relevance",identity; preparation; analytical method; parasite stage; dose/exposure; comparator; host selectivity; constituent attribution; mechanism; translational boundary
herba-alba-tick-nanoemulsion-2021,P098;P099;P100;P101,Acaricidal activity of Artemisia herba-alba and Melia azedarach oil nanoemulsion against Hyalomma dromedarii and their toxicity on Swiss albino mice,33934282,,https://pubmed.ncbi.nlm.nih.gov/33934282/,Artemisia herba-alba,Hyalomma dromedarii,P3_vector_or_ectoparasite,PubMed abstract plus publisher/full-text lookup,not yet screened at full text,"vector or ectoparasite control: verify life stage, exposure route, mixture composition, non-target controls, and field relevance",identity; preparation; analytical method; parasite stage; dose/exposure; comparator; host selectivity; constituent attribution; mechanism; translational boundary
scoparia-altitude-mosquito-2024,P104;P105,"Chemical Composition of Essential Oils from Natural Populations of Artemisia scoparia Collected at Different Altitudes: Antibacterial, Mosquito Repellent, and Larvicidal Effects",38542997,,https://pubmed.ncbi.nlm.nih.gov/38542997/,Artemisia scoparia,Aedes aegypti,P3_vector_or_ectoparasite,PubMed abstract plus publisher/full-text lookup,full text verified; quantitative eligibility unresolved,"vector or ectoparasite control: verify life stage, exposure route, mixture composition, non-target controls, and field relevance",identity; preparation; analytical method; parasite stage; dose/exposure; comparator; host selectivity; constituent attribution; mechanism; translational boundary
absinthium-ascaris-embryogenesis-2022,P058,"The Effects of Allium sativum L., Artemisia absinthium L., Cucurbita pepo L., Coriandrum sativum L., Satureja hortensis L. and Calendula officinalis L. on the Embryogenesis of Ascaris suum Eggs during an In Vitro Experimental Study",36145497,PMC9501052,https://pmc.ncbi.nlm.nih.gov/articles/PMC9501052/,Artemisia absinthium,Ascaris suum,P4_other_antiparasitic_context,PMC full text/XML candidate,full text verified; quantitative eligibility unresolved,context record: verify relevance to Artemisia terpene chemistry or antiparasitic translation before inclusion,identity; preparation; analytical method; parasite stage; dose/exposure; comparator; host selectivity; constituent attribution; mechanism; translational boundary
absinthium-extraction-acaricide-2001,P065,Acaricidal properties of Artemisia absinthium and Tanacetum vulgare (Asteraceae) essential oils obtained by three methods of extraction.,11233109,,https://pubmed.ncbi.nlm.nih.gov/11233109/,Artemisia absinthium,Tetranychus urticae,P4_other_antiparasitic_context,PubMed abstract plus publisher/full-text lookup,not yet screened at full text,context record: verify relevance to Artemisia terpene chemistry or antiparasitic translation before inclusion,identity; preparation; analytical method; parasite stage; dose/exposure; comparator; host selectivity; constituent attribution; mechanism; translational boundary
absinthium-swine-parasites,P018,In vivo assessment of the antiparasitic effects of Allium sativum L. and Artemisia absinthium L. against gastrointestinal parasites in swine from low-input farms,38561770,PMC10983701,https://pmc.ncbi.nlm.nih.gov/articles/PMC10983701/,Artemisia absinthium,gastrointestinal parasites in swine,P4_other_antiparasitic_context,PMC full text/XML candidate,full text verified; quantitative eligibility unresolved,context record: verify relevance to Artemisia terpene chemistry or antiparasitic translation before inclusion,identity; preparation; analytical method; parasite stage; dose/exposure; comparator; host selectivity; constituent attribution; mechanism; translational boundary
afra-mosquito-biting-negative-2000,P117,"Ineffectiveness of essential oils from Artemisia afra (Asteraceae), Lantana angiolensis (Verbenaceae) and Syzygium hiullense (Myrtaceae) in inhibiting mosquito biting",11317598,,https://pubmed.ncbi.nlm.nih.gov/11317598/,Artemisia afra,mosquito vector,P4_other_antiparasitic_context,PubMed abstract plus publisher/full-text lookup,not yet screened at full text,context record: verify relevance to Artemisia terpene chemistry or antiparasitic translation before inclusion,identity; preparation; analytical method; parasite stage; dose/exposure; comparator; host selectivity; constituent attribution; mechanism; translational boundary
annua-histomonas-negative-2012,P089,Antihistomonal effects of artemisinin and Artemisia annua extracts in vitro could not be confirmed by in vivo experiments in turkeys and chickens.,22978517,,https://pubmed.ncbi.nlm.nih.gov/22978517/,Artemisia annua and purified artemisinin,Histomonas meleagridis,P4_other_antiparasitic_context,PubMed abstract plus publisher/full-text lookup,not yet screened at full text,context record: verify relevance to Artemisia terpene chemistry or antiparasitic translation before inclusion,identity; preparation; analytical method; parasite stage; dose/exposure; comparator; host selectivity; constituent attribution; mechanism; translational boundary
annua-oil-monoterpenoid-mite-2025,P081,Toxicity and Detoxification Enzyme Inhibition in the Two-Spotted Spider Mite (Tetranychus urticae Koch) by Artemisia annua L. Essential Oil and Its Major Monoterpenoids.,40870612,PMC12386818,https://pubmed.ncbi.nlm.nih.gov/40870612/,Artemisia annua,Tetranychus urticae,P4_other_antiparasitic_context,PMC full text/XML candidate,full text verified; quantitative eligibility unresolved,context record: verify relevance to Artemisia terpene chemistry or antiparasitic translation before inclusion,identity; preparation; analytical method; parasite stage; dose/exposure; comparator; host selectivity; constituent attribution; mechanism; translational boundary
argyi-essential-oil-insecticidal-2026,P108,"Comprehensive Analysis of Artemisia argyi H. Lév. & Vaniot Essential Oil: Chemical Composition, Antimicrobial Efficacy, Biofilm Disruption, and Insecticidal Potential",42369647,,https://pubmed.ncbi.nlm.nih.gov/42369647/,Artemisia argyi,Callosobruchus maculatus,P4_other_antiparasitic_context,PubMed abstract plus publisher/full-text lookup,not yet screened at full text,context record: verify relevance to Artemisia terpene chemistry or antiparasitic translation before inclusion,identity; preparation; analytical method; parasite stage; dose/exposure; comparator; host selectivity; constituent attribution; mechanism; translational boundary
artemisia-five-species-anti-insect-2022,P102;P103,Chemical Diversity and Anti-Insect Activity Evaluation of Essential Oils Extracted from Five Artemisia Species,35807578,,https://pubmed.ncbi.nlm.nih.gov/35807578/,Artemisia ordosica; Artemisia tangutica,Liposcelis bostrychophila; Tribolium castaneum,P4_other_antiparasitic_context,PubMed abstract plus publisher/full-text lookup,full text verified; quantitative eligibility unresolved,context record: verify relevance to Artemisia terpene chemistry or antiparasitic translation before inclusion,identity; preparation; analytical method; parasite stage; dose/exposure; comparator; host selectivity; constituent attribution; mechanism; translational boundary
herba-alba-judaica-ascaridia-2026,P030,Anthelmintic effects of Artemisia herba-alba and Artemisia judaica extracts on Ascaridia galli in poultry,41679004,PMC12915038,https://pmc.ncbi.nlm.nih.gov/articles/PMC12915038/,Artemisia herba-alba; Artemisia judaica,Ascaridia galli,P4_other_antiparasitic_context,PMC full text/XML candidate,full text verified; quantitative eligibility unresolved,context record: verify relevance to Artemisia terpene chemistry or antiparasitic translation before inclusion,identity; preparation; analytical method; parasite stage; dose/exposure; comparator; host selectivity; constituent attribution; mechanism; translational boundary
sieberi-poultry-mite-2017,P063,"Eco-friendly control of the poultry red mite, Dermanyssus gallinae (Dermanyssidae), using the α-thujone-rich essential oil of Artemisia sieberi (Asteraceae): toxic and repellent potential.",28378196,,https://pubmed.ncbi.nlm.nih.gov/28378196/,Artemisia sieberi,Dermanyssus gallinae,P4_other_antiparasitic_context,PubMed abstract plus publisher/full-text lookup,not yet screened at full text,context record: verify relevance to Artemisia terpene chemistry or antiparasitic translation before inclusion,identity; preparation; analytical method; parasite stage; dose/exposure; comparator; host selectivity; constituent attribution; mechanism; translational boundary
vulgaris-gall-mite-2025,P106;P107,"Evaluation of Chemical Composition, Acaricidal, and Repellent Activities of Artemisia vulgaris L. (Asteraceae) Essential Oil Against Gall Mite Aceria pongamiae Keifer (Acarina: Eriophyidae)",40871480,,https://pubmed.ncbi.nlm.nih.gov/40871480/,Artemisia vulgaris,Aceria pongamiae,P4_other_antiparasitic_context,PubMed abstract plus publisher/full-text lookup,full text verified; quantitative eligibility unresolved,context record: verify relevance to Artemisia terpene chemistry or antiparasitic translation before inclusion,identity; preparation; analytical method; parasite stage; dose/exposure; comparator; host selectivity; constituent attribution; mechanism; translational boundary
