record_id,source_id,taxon,parasite,assay_stage,endpoint,outcome_family,descriptive_numeric_resolution,source_level_verified,pooling_decision,pooling_gate_failures,decision_basis
P001,annua-leishmania,Artemisia annua,Leishmania donovani,promastigote,in vitro IC50,concentration_or_dose_effect,partial_numeric,yes,descriptive_only_not_poolable,independent replication; matched taxon/preparation/stage/outcome/unit; dispersion or variance,No complete cross-study set satisfying the prespecified pooling gates is documented in the frozen extraction; retain as a descriptive result.
P002,annua-leishmania,Artemisia annua,Leishmania donovani,intracellular amastigote,in vitro IC50,concentration_or_dose_effect,partial_numeric,yes,descriptive_only_not_poolable,independent replication; matched taxon/preparation/stage/outcome/unit; dispersion or variance,No complete cross-study set satisfying the prespecified pooling gates is documented in the frozen extraction; retain as a descriptive result.
P003,annua-leishmania,Artemisia annua,Leishmania donovani,in vivo BALB/c mouse,liver and spleen parasite burden,organismal_efficacy,partial_numeric,yes,descriptive_only_not_poolable,independent replication; matched taxon/preparation/stage/outcome/unit; dispersion or variance,No complete cross-study set satisfying the prespecified pooling gates is documented in the frozen extraction; retain as a descriptive result.
P004,campestris-herba-alba-leishmania,Artemisia campestris,Leishmania infantum,promastigote,in vitro IC50,concentration_or_dose_effect,numeric,yes,descriptive_only_not_poolable,independent replication; matched taxon/preparation/stage/outcome/unit; dispersion or variance,No complete cross-study set satisfying the prespecified pooling gates is documented in the frozen extraction; retain as a descriptive result.
P005,campestris-herba-alba-leishmania,Artemisia herba-alba,Leishmania infantum,promastigote,in vitro IC50,concentration_or_dose_effect,numeric,yes,descriptive_only_not_poolable,independent replication; matched taxon/preparation/stage/outcome/unit; dispersion or variance,No complete cross-study set satisfying the prespecified pooling gates is documented in the frozen extraction; retain as a descriptive result.
P006,abyssinica-leishmania,Artemisia abyssinica,Leishmania donovani; L. aethiopica,promastigote and axenic amastigote,MIC and EC50,concentration_or_dose_effect,numeric,yes,descriptive_only_not_poolable,independent replication; matched taxon/preparation/stage/outcome/unit; dispersion or variance,No complete cross-study set satisfying the prespecified pooling gates is documented in the frozen extraction; retain as a descriptive result.
P007,campestris-helminth,Artemisia campestris,Haemonchus contortus; Heligmosomoides polygyrus,"egg hatch, adult motility, and in vivo rodent nematode model",in vitro egg hatch/adult motility and in vivo worm-count reduction,concentration_or_dose_effect,numeric,yes,descriptive_only_not_poolable,independent replication; matched taxon/preparation/stage/outcome/unit; dispersion or variance,No complete cross-study set satisfying the prespecified pooling gates is documented in the frozen extraction; retain as a descriptive result.
P008,gilvescens-mosquito,Artemisia gilvescens,Anopheles anthropophagus,larval mosquito,larval mortality,arthropod_or_worm_lethality,partial_numeric,yes,descriptive_only_not_poolable,independent replication; matched taxon/preparation/stage/outcome/unit; dispersion or variance,No complete cross-study set satisfying the prespecified pooling gates is documented in the frozen extraction; retain as a descriptive result.
P009,vestita-maritima-helminth,Artemisia vestita; Artemisia maritima,Haemonchus contortus,infective L3 and adult worms; sheep fecal egg count,in vitro and in vivo anthelmintic activity,organismal_efficacy,partial_numeric,yes,descriptive_only_not_poolable,independent replication; matched taxon/preparation/stage/outcome/unit; dispersion or variance,No complete cross-study set satisfying the prespecified pooling gates is documented in the frozen extraction; retain as a descriptive result.
P010,ethiopian-trypanosome,Artemisia absinthium; A. abyssinica; A. afra; A. annua,Trypanosoma brucei brucei,bloodstream forms,in vitro inhibition,concentration_or_dose_effect,numeric,yes,descriptive_only_not_poolable,independent replication; matched taxon/preparation/stage/outcome/unit; dispersion or variance,No complete cross-study set satisfying the prespecified pooling gates is documented in the frozen extraction; retain as a descriptive result.
P011,indica-antiprotozoal,Artemisia indica,Plasmodium falciparum; Trypanosoma brucei; Trypanosoma cruzi,blood-stage and bloodstream protozoan in vitro,in vitro parasite inhibition,concentration_or_dose_effect,numeric,yes,descriptive_only_not_poolable,independent replication; matched taxon/preparation/stage/outcome/unit; dispersion or variance,No complete cross-study set satisfying the prespecified pooling gates is documented in the frozen extraction; retain as a descriptive result.
P012,scoparia-callus-leishmania,Artemisia scoparia,Leishmania tropica,promastigote,in vitro inhibition,concentration_or_dose_effect,numeric,yes,descriptive_only_not_poolable,independent replication; matched taxon/preparation/stage/outcome/unit; dispersion or variance,No complete cross-study set satisfying the prespecified pooling gates is documented in the frozen extraction; retain as a descriptive result.
P013,gorgonum-antiplasmodial,Artemisia gorgonum,Plasmodium falciparum FcB1,erythrocytic culture,purified-compound IC50,concentration_or_dose_effect,partial_numeric,yes,descriptive_only_not_poolable,independent replication; matched taxon/preparation/stage/outcome/unit; dispersion or variance,No complete cross-study set satisfying the prespecified pooling gates is documented in the frozen extraction; retain as a descriptive result.
P014,absinthium-cuba-leishmania,Artemisia absinthium,Leishmania amazonensis,promastigote and amastigote,in vitro inhibition; mouse cutaneous model,concentration_or_dose_effect,partial_numeric,yes,descriptive_only_not_poolable,independent replication; matched taxon/preparation/stage/outcome/unit; dispersion or variance,No complete cross-study set satisfying the prespecified pooling gates is documented in the frozen extraction; retain as a descriptive result.
P015,absinthium-ovine-nematodes,Artemisia absinthium,ovine gastrointestinal nematodes,adult Haemonchus contortus in vitro; naturally infected sheep in vivo,paralysis/death in vitro,organismal_efficacy,numeric,yes,descriptive_only_not_poolable,independent replication; matched taxon/preparation/stage/outcome/unit; dispersion or variance,No complete cross-study set satisfying the prespecified pooling gates is documented in the frozen extraction; retain as a descriptive result.
P016,absinthium-selective-nematocidal-oils,Artemisia absinthium,Trichinella spiralis; Meloidogyne javanica,L1 infectivity ex vivo; intestinal adults in vivo; plant-parasitic nematode comparison,L1 infectivity ex vivo; intestinal adults in vivo; plant-parasitic nematode comparison,life_stage_assay,numeric,yes,descriptive_only_not_poolable,independent replication; matched taxon/preparation/stage/outcome/unit; dispersion or variance,No complete cross-study set satisfying the prespecified pooling gates is documented in the frozen extraction; retain as a descriptive result.
P017,absinthium-wormwood-lambs,Artemisia absinthium,Haemonchus contortus,ovine lambs; H. contortus eggs,in vitro egg-hatch,concentration_or_dose_effect,numeric,yes,descriptive_only_not_poolable,independent replication; matched taxon/preparation/stage/outcome/unit; dispersion or variance,No complete cross-study set satisfying the prespecified pooling gates is documented in the frozen extraction; retain as a descriptive result.
P018,absinthium-swine-parasites,Artemisia absinthium,gastrointestinal parasites in swine,swine gastrointestinal parasite and protozoan outcomes,swine gastrointestinal parasite and protozoan outcomes,other_or_unresolved,numeric,yes,descriptive_only_not_poolable,independent replication; matched taxon/preparation/stage/outcome/unit; dispersion or variance,No complete cross-study set satisfying the prespecified pooling gates is documented in the frozen extraction; retain as a descriptive result.
P019,absinthium-awassi-nematodes,Artemisia absinthium,gastrointestinal nematodes in Awassi sheep,day 0/7/15 FECRT,day 0/7/15 FECRT,organismal_efficacy,numeric,yes,descriptive_only_not_poolable,independent replication; matched taxon/preparation/stage/outcome/unit; dispersion or variance,No complete cross-study set satisfying the prespecified pooling gates is documented in the frozen extraction; retain as a descriptive result.
P020,annua-whole-plant-resistance,Artemisia annua,Plasmodium yoelii; Plasmodium chabaudi,blood-stage rodent malaria and resistance evolution,blood-stage rodent malaria and resistance evolution,mechanistic_or_exposure,not_extractable,yes,descriptive_only_not_poolable,independent replication; matched taxon/preparation/stage/outcome/unit; dispersion or variance,No complete cross-study set satisfying the prespecified pooling gates is documented in the frozen extraction; retain as a descriptive result.
P021,annua-whole-leaf-flavonoid,Artemisia annua,Plasmodium falciparum Dd2,intraerythrocytic parasite growth and initial cytocidal action,antiplasmodial efficacy and rate of kill,other_or_unresolved,numeric,yes,descriptive_only_not_poolable,independent replication; matched taxon/preparation/stage/outcome/unit; dispersion or variance,No complete cross-study set satisfying the prespecified pooling gates is documented in the frozen extraction; retain as a descriptive result.
P022,annua-led-antimalarial,Artemisia annua,Plasmodium falciparum NF54,in-vitro parasite growth inhibition,parasite growth inhibition,concentration_or_dose_effect,numeric,yes,descriptive_only_not_poolable,independent replication; matched taxon/preparation/stage/outcome/unit; dispersion or variance,No complete cross-study set satisfying the prespecified pooling gates is documented in the frozen extraction; retain as a descriptive result.
P023,absinthium-schistosoma,Artemisia absinthium,Schistosoma mansoni,adult-worm in-vitro assay,adult-worm mortality,concentration_or_dose_effect,numeric,yes,descriptive_only_not_poolable,independent replication; matched taxon/preparation/stage/outcome/unit; dispersion or variance,No complete cross-study set satisfying the prespecified pooling gates is documented in the frozen extraction; retain as a descriptive result.
P024,absinthium-nanocochleate-leishmania,Artemisia absinthium,Leishmania amazonensis,parasite IC50 and lesion/parasite-load suppression,EO-nanocochleate parasite IC50 21.5 +/- 2.5 microgram/mL; macrophage IC50 27.7 +/- 5.6 microgram/mL; approximately 50% in-vivo suppression at 30 mg/kg intralesional,concentration_or_dose_effect,partial_numeric,yes,descriptive_only_not_poolable,independent replication; matched taxon/preparation/stage/outcome/unit; dispersion or variance,No complete cross-study set satisfying the prespecified pooling gates is documented in the frozen extraction; retain as a descriptive result.
P025,annua-extract-pk-synergy-2026,Artemisia annua,Plasmodium falciparum Pf3D7; Plasmodium yoelii,in-vitro parasite growth and rodent blood-stage malaria,"parasite growth, ED50/ED90, and artemisinin exposure",concentration_or_dose_effect,partial_numeric,yes,descriptive_only_not_poolable,independent replication; matched taxon/preparation/stage/outcome/unit; dispersion or variance,No complete cross-study set satisfying the prespecified pooling gates is documented in the frozen extraction; retain as a descriptive result.
P026,annua-chrysosplenetin-resistance-2025,Artemisia annua,Plasmodium berghei K173,"rodent survival, parasitemia, inhibition, redox and resistance-associated host-response endpoints","survival, parasitemia, inhibition, redox and resistance-associated host responses",concentration_or_dose_effect,partial_numeric,yes,descriptive_only_not_poolable,independent replication; matched taxon/preparation/stage/outcome/unit; dispersion or variance,No complete cross-study set satisfying the prespecified pooling gates is documented in the frozen extraction; retain as a descriptive result.
P027,absinthium-european-tinctures-2025,Artemisia absinthium,Haemonchus contortus; Strongyloides papillosus,L1-2 and L3 larval viability,larval viability,life_stage_assay,partial_numeric,yes,descriptive_only_not_poolable,independent replication; matched taxon/preparation/stage/outcome/unit; dispersion or variance,No complete cross-study set satisfying the prespecified pooling gates is documented in the frozen extraction; retain as a descriptive result.
P028,afra-annua-metabolomics-malaria-2025,Artemisia annua; Artemisia afra,Plasmodium falciparum,in-vitro trophozoite response,extract-associated parasite metabolic response,other_or_unresolved,not_extractable,yes,descriptive_only_not_poolable,independent replication; matched taxon/preparation/stage/outcome/unit; dispersion or variance,No complete cross-study set satisfying the prespecified pooling gates is documented in the frozen extraction; retain as a descriptive result.
P029,annua-natural-combination-malaria-2018,Artemisia annua,Plasmodium yoelii; Plasmodium berghei,murine blood-stage malaria,parasitemia reduction and artemisinin exposure,concentration_or_dose_effect,partial_numeric,yes,descriptive_only_not_poolable,independent replication; matched taxon/preparation/stage/outcome/unit; dispersion or variance,No complete cross-study set satisfying the prespecified pooling gates is documented in the frozen extraction; retain as a descriptive result.
P030,herba-alba-judaica-ascaridia-2026,Artemisia herba-alba; Artemisia judaica,Ascaridia galli,adult-worm in vitro plus infected-chick in vivo,"motility, female fecundity, fecal egg count, worm burden, and docking hypotheses",organismal_efficacy,numeric,yes,descriptive_only_not_poolable,independent replication; matched taxon/preparation/stage/outcome/unit; dispersion or variance,No complete cross-study set satisfying the prespecified pooling gates is documented in the frozen extraction; retain as a descriptive result.
P031,annua-top-down-synergy-2024,Artemisia annua,Plasmodium falciparum; Plasmodium yoelii,"in-vitro parasite growth, murine blood-stage malaria, and rat pharmacokinetics","parasite growth, ED50, artemisinin AUC0-t, and component-enhancement hypothesis",concentration_or_dose_effect,numeric,yes,descriptive_only_not_poolable,independent replication; matched taxon/preparation/stage/outcome/unit; dispersion or variance,No complete cross-study set satisfying the prespecified pooling gates is documented in the frozen extraction; retain as a descriptive result.
P032,annua-haemonchus-sheep-2014,Artemisia annua,Haemonchus contortus and mixed ovine gastrointestinal nematodes,in-vitro H. contortus plus naturally infected Santa Ines sheep,"egg hatch, larval development, fecal egg count, hematocrit, artemisinin exposure",concentration_or_dose_effect,numeric,yes,descriptive_only_not_poolable,independent replication; matched taxon/preparation/stage/outcome/unit; dispersion or variance,No complete cross-study set satisfying the prespecified pooling gates is documented in the frozen extraction; retain as a descriptive result.
P033,brevifolia-anthelmintic-sheep-2004,Artemisia brevifolia,Haemonchus contortus and mixed gastrointestinal nematodes,in-vitro H. contortus and ovine in vivo,worm paralysis/mortality and fecal egg count,arthropod_or_worm_lethality,numeric,yes,descriptive_only_not_poolable,independent replication; matched taxon/preparation/stage/outcome/unit; dispersion or variance,No complete cross-study set satisfying the prespecified pooling gates is documented in the frozen extraction; retain as a descriptive result.
P034,herba-alba-haemonchus-crude-extract-2020,Artemisia herba-alba,Haemonchus contortus,adult worms in vitro; eggs in vitro,adult motility and egg-hatch inhibition,life_stage_assay,numeric,yes,descriptive_only_not_poolable,independent replication; matched taxon/preparation/stage/outcome/unit; dispersion or variance,No complete cross-study set satisfying the prespecified pooling gates is documented in the frozen extraction; retain as a descriptive result.
P035,annua-ancient-preparation-malaria-2010,Artemisia annua,Plasmodium falciparum; Plasmodium berghei,in-vitro Pf growth; infected-mouse P. berghei,antiplasmodial activity and parasitemia suppression,organismal_efficacy,numeric,yes,descriptive_only_not_poolable,independent replication; matched taxon/preparation/stage/outcome/unit; dispersion or variance,No complete cross-study set satisfying the prespecified pooling gates is documented in the frozen extraction; retain as a descriptive result.
P036,annua-whole-plant-antimalarial-2012,Artemisia annua,Plasmodium chabaudi,rodent blood-stage malaria,parasitemia reduction,organismal_efficacy,partial_numeric,yes,descriptive_only_not_poolable,independent replication; matched taxon/preparation/stage/outcome/unit; dispersion or variance,No complete cross-study set satisfying the prespecified pooling gates is documented in the frozen extraction; retain as a descriptive result.
P037,annua-tea-artemisinin-only-2013,Artemisia annua,Plasmodium falciparum,in-vitro blood-stage assay,IC50,concentration_or_dose_effect,numeric,yes,descriptive_only_not_poolable,independent replication; matched taxon/preparation/stage/outcome/unit; dispersion or variance,No complete cross-study set satisfying the prespecified pooling gates is documented in the frozen extraction; retain as a descriptive result.
P038,annua-gametocyte-tea-2021,Artemisia annua; Artemisia afra,Plasmodium falciparum NF54,asexual parasites and early/late gametocytes in vitro,gametocytemia and marker-gene expression,other_or_unresolved,not_extractable,yes,descriptive_only_not_poolable,independent replication; matched taxon/preparation/stage/outcome/unit; dispersion or variance,No complete cross-study set satisfying the prespecified pooling gates is documented in the frozen extraction; retain as a descriptive result.
P039,annua-complex-antimalarial-invitro-2021,Artemisia annua; Artemisia afra,Plasmodium falciparum 3D7; MRA1252/1240; Cam3.11/Cam3.11rev,ring-stage and growth assays,IC50 and ring-stage inhibition,concentration_or_dose_effect,partial_numeric,yes,descriptive_only_not_poolable,independent replication; matched taxon/preparation/stage/outcome/unit; dispersion or variance,No complete cross-study set satisfying the prespecified pooling gates is documented in the frozen extraction; retain as a descriptive result.
P040,artemisia-infusions-hypnozoite-2022,Artemisia annua; Artemisia afra,Plasmodium falciparum; P. vivax; P. cynomolgi,blood-stage and liver-stage parasites including hypnozoites,stage-specific inhibition including hypnozoite disruption,other_or_unresolved,not_extractable,yes,descriptive_only_not_poolable,independent replication; matched taxon/preparation/stage/outcome/unit; dispersion or variance,No complete cross-study set satisfying the prespecified pooling gates is documented in the frozen extraction; retain as a descriptive result.
P041,absinthium-hymenolepis-2018,Artemisia absinthium,Hymenolepis nana,adult worms in vitro and infected mice,paralysis/death; ultrastructure; EPG and worm-burden reduction,concentration_or_dose_effect,not_extractable,yes,descriptive_only_not_poolable,independent replication; matched taxon/preparation/stage/outcome/unit; dispersion or variance,No complete cross-study set satisfying the prespecified pooling gates is documented in the frozen extraction; retain as a descriptive result.
P042,absinthium-toxocara-2011,Artemisia absinthium,Toxocara cati,infected-cat veterinary study and egg embryonation in vitro,fecal egg count and egg development,organismal_efficacy,not_extractable,yes,descriptive_only_not_poolable,independent replication; matched taxon/preparation/stage/outcome/unit; dispersion or variance,No complete cross-study set satisfying the prespecified pooling gates is documented in the frozen extraction; retain as a descriptive result.
P043,campestris-haemonchus-2014,Artemisia campestris,Haemonchus contortus,in-vitro eggs and adult worms,egg hatch and adult mortality,arthropod_or_worm_lethality,numeric,yes,descriptive_only_not_poolable,independent replication; matched taxon/preparation/stage/outcome/unit; dispersion or variance,No complete cross-study set satisfying the prespecified pooling gates is documented in the frozen extraction; retain as a descriptive result.
P044,indica-roxburghiana-nematodes-2015,Artemisia indica; Artemisia roxburghiana,mixed gastrointestinal nematodes,in-vitro egg hatch larval mortality and adult mortality,stage-specific inhibition,arthropod_or_worm_lethality,partial_numeric,yes,descriptive_only_not_poolable,independent replication; matched taxon/preparation/stage/outcome/unit; dispersion or variance,No complete cross-study set satisfying the prespecified pooling gates is documented in the frozen extraction; retain as a descriptive result.
P045,cina-haemonchus-gerbil-2021,Artemisia cina,Haemonchus contortus,L3 and transitional L3-L4 in vitro; artificially infected gerbils,larval activity Hc29 expression and worm reduction,life_stage_assay,numeric,yes,descriptive_only_not_poolable,independent replication; matched taxon/preparation/stage/outcome/unit; dispersion or variance,No complete cross-study set satisfying the prespecified pooling gates is documented in the frozen extraction; retain as a descriptive result.
P046,herba-alba-goat-haemonchus-1982,Artemisia herba-alba,Haemonchus contortus,infected-goat in-vivo study,clinical signs fecal eggs adult worms and lesions,organismal_efficacy,not_extractable,yes,descriptive_only_not_poolable,independent replication; matched taxon/preparation/stage/outcome/unit; dispersion or variance,No complete cross-study set satisfying the prespecified pooling gates is documented in the frozen extraction; retain as a descriptive result.
P047,afra-powder-malaria-2024,Artemisia afra,Plasmodium berghei,infected-mouse blood-stage malaria,antimalarial efficacy,concentration_or_dose_effect,not_extractable,yes,descriptive_only_not_poolable,independent replication; matched taxon/preparation/stage/outcome/unit; dispersion or variance,No complete cross-study set satisfying the prespecified pooling gates is documented in the frozen extraction; retain as a descriptive result.
P048,ludoviciana-fasciola-2023,Artemisia ludoviciana subsp. mexicana,Fasciola hepatica,eggs and adult flukes in vitro,ovicidal and fasciolicidal activity,other_or_unresolved,partial_numeric,yes,descriptive_only_not_poolable,independent replication; matched taxon/preparation/stage/outcome/unit; dispersion or variance,No complete cross-study set satisfying the prespecified pooling gates is documented in the frozen extraction; retain as a descriptive result.
P049,cina-peruvin-synergy-2024,Artemisia cina,Haemonchus contortus,eggs and infective L3 larvae in vitro,lethal effect and mixture interaction,other_or_unresolved,numeric,yes,descriptive_only_not_poolable,independent replication; matched taxon/preparation/stage/outcome/unit; dispersion or variance,No complete cross-study set satisfying the prespecified pooling gates is documented in the frozen extraction; retain as a descriptive result.
P050,herba-alba-cattle-haemonchus-2025,Artemisia herba-alba,Haemonchus contortus,adult worms in vitro,motility loss and mortality,arthropod_or_worm_lethality,numeric,yes,descriptive_only_not_poolable,independent replication; matched taxon/preparation/stage/outcome/unit; dispersion or variance,No complete cross-study set satisfying the prespecified pooling gates is documented in the frozen extraction; retain as a descriptive result.
P051,absinthium-goat-nematodes-2025,Artemisia absinthium,goat gastrointestinal nematodes,infective larvae in vitro and naturally infected goats in vivo,larval motility/larvicidal activity and FECRT,organismal_efficacy,numeric,yes,descriptive_only_not_poolable,independent replication; matched taxon/preparation/stage/outcome/unit; dispersion or variance,No complete cross-study set satisfying the prespecified pooling gates is documented in the frozen extraction; retain as a descriptive result.
P052,vulgaris-fasciola-2023,Artemisia vulgaris,Fasciola gigantica,eggs and adult flukes in vitro,egg hatch and adult-fluke mortality/morphology,arthropod_or_worm_lethality,numeric,yes,descriptive_only_not_poolable,independent replication; matched taxon/preparation/stage/outcome/unit; dispersion or variance,No complete cross-study set satisfying the prespecified pooling gates is documented in the frozen extraction; retain as a descriptive result.
P053,kermanensis-leishmania-2023,Artemisia kermanensis,Leishmania major,promastigotes and amastigotes in vitro,IC50 and macrophage toxicity,concentration_or_dose_effect,numeric,yes,descriptive_only_not_poolable,independent replication; matched taxon/preparation/stage/outcome/unit; dispersion or variance,No complete cross-study set satisfying the prespecified pooling gates is documented in the frozen extraction; retain as a descriptive result.
P054,annua-hydrotrope-antimalarial-2024,Artemisia annua,Plasmodium falciparum,in-vitro blood-stage malaria,extract antiplasmodial activity,other_or_unresolved,numeric,yes,descriptive_only_not_poolable,independent replication; matched taxon/preparation/stage/outcome/unit; dispersion or variance,No complete cross-study set satisfying the prespecified pooling gates is documented in the frozen extraction; retain as a descriptive result.
P055,annua-standardized-leishmania-2025,Artemisia annua,Leishmania infantum,in-vitro protozoan assay,promastigote and amastigote viability,other_or_unresolved,not_extractable,yes,descriptive_only_not_poolable,independent replication; matched taxon/preparation/stage/outcome/unit; dispersion or variance,No complete cross-study set satisfying the prespecified pooling gates is documented in the frozen extraction; retain as a descriptive result.
P056,cina-silver-nanoparticles-helminth-2025,Artemisia cina,Haemonchus contortus,in-vitro helminth assay,larval mortality and oxidative-enzyme response,concentration_or_dose_effect,numeric,yes,descriptive_only_not_poolable,independent replication; matched taxon/preparation/stage/outcome/unit; dispersion or variance,No complete cross-study set satisfying the prespecified pooling gates is documented in the frozen extraction; retain as a descriptive result.
P057,absinthium-haemonchus-medicinal-plants-2018,Artemisia absinthium,Haemonchus contortus,eggs and larvae in vitro,egg hatch and larval development,life_stage_assay,partial_numeric,yes,descriptive_only_not_poolable,independent replication; matched taxon/preparation/stage/outcome/unit; dispersion or variance,No complete cross-study set satisfying the prespecified pooling gates is documented in the frozen extraction; retain as a descriptive result.
P058,absinthium-ascaris-embryogenesis-2022,Artemisia absinthium,Ascaris suum,eggs and developing larvae in vitro,anti-embryogenesis and larval development,life_stage_assay,not_extractable,yes,descriptive_only_not_poolable,independent replication; matched taxon/preparation/stage/outcome/unit; dispersion or variance,No complete cross-study set satisfying the prespecified pooling gates is documented in the frozen extraction; retain as a descriptive result.
P059,cina-bioassay-sesquiterpene,Artemisia cina,Haemonchus contortus L3,infective L3 larvae,larval lethality,arthropod_or_worm_lethality,numeric,yes,descriptive_only_not_poolable,independent replication; matched taxon/preparation/stage/outcome/unit; dispersion or variance,No complete cross-study set satisfying the prespecified pooling gates is documented in the frozen extraction; retain as a descriptive result.
P060,stl-tcruzi-pcd-2014,Artemisia douglassiana,Trypanosoma cruzi,epimastigotes and trypomastigotes in vitro,programmed-cell-death markers,other_or_unresolved,not_extractable,yes,descriptive_only_not_poolable,independent replication; matched taxon/preparation/stage/outcome/unit; dispersion or variance,No complete cross-study set satisfying the prespecified pooling gates is documented in the frozen extraction; retain as a descriptive result.
P061,absinthium-dracunculus-rootnematodes-2026,Artemisia absinthium; Artemisia dracunculus,root-knot nematodes and stored-product insects, Meloidogyne incognita and M. chitwoodi juveniles; Sitophilus granarius and Tribolium castaneum,mortality,arthropod_or_worm_lethality,numeric,yes,descriptive_only_not_poolable,independent replication; matched taxon/preparation/stage/outcome/unit; dispersion or variance,No complete cross-study set satisfying the prespecified pooling gates is documented in the frozen extraction; retain as a descriptive result.
P062,absinthium-goat-coccidiosis-2013,Artemisia absinthium,Eimeria spp.,caprine intestinal coccidiosis,clinical recovery body-weight gain and fecal oocyst output,other_or_unresolved,numeric,yes,descriptive_only_not_poolable,independent replication; matched taxon/preparation/stage/outcome/unit; dispersion or variance,No complete cross-study set satisfying the prespecified pooling gates is documented in the frozen extraction; retain as a descriptive result.
P063,sieberi-poultry-mite-2017,Artemisia sieberi,Dermanyssus gallinae,adult poultry red mite,contact toxicity and repellency,concentration_or_dose_effect,numeric,yes,descriptive_only_not_poolable,independent replication; matched taxon/preparation/stage/outcome/unit; dispersion or variance,No complete cross-study set satisfying the prespecified pooling gates is documented in the frozen extraction; retain as a descriptive result.
P064,sieberi-artemisinin-coccidia-2007,Artemisia sieberi,Eimeria tenella; Eimeria acervulina; Eimeria maxima,experimentally infected broilers and coccidial oocysts,anticoccidial severity and oocyst output,other_or_unresolved,numeric,yes,descriptive_only_not_poolable,independent replication; matched taxon/preparation/stage/outcome/unit; dispersion or variance,No complete cross-study set satisfying the prespecified pooling gates is documented in the frozen extraction; retain as a descriptive result.
P065,absinthium-extraction-acaricide-2001,Artemisia absinthium,Tetranychus urticae,adult two-spotted spider mite,contact acaricidal mortality,concentration_or_dose_effect,numeric,yes,descriptive_only_not_poolable,independent replication; matched taxon/preparation/stage/outcome/unit; dispersion or variance,No complete cross-study set satisfying the prespecified pooling gates is documented in the frozen extraction; retain as a descriptive result.
P066,indica-antimalarial-principles-1998,Artemisia indica,Plasmodium falciparum,P. falciparum in vitro,parasite growth inhibition,other_or_unresolved,numeric,yes,descriptive_only_not_poolable,independent replication; matched taxon/preparation/stage/outcome/unit; dispersion or variance,No complete cross-study set satisfying the prespecified pooling gates is documented in the frozen extraction; retain as a descriptive result.
P067,annua-gelatin-capsule-malaria-1992,Artemisia annua,Plasmodium berghei; Plasmodium vivax,rodent P. berghei and reported clinical P. vivax contexts,parasitemia clearance and recurrence,concentration_or_dose_effect,partial_numeric,yes,descriptive_only_not_poolable,independent replication; matched taxon/preparation/stage/outcome/unit; dispersion or variance,No complete cross-study set satisfying the prespecified pooling gates is documented in the frozen extraction; retain as a descriptive result.
P068,stl-leishmania-mexicana,Artemisia species,Leishmania mexicana,promastigote,in vitro growth inhibition,concentration_or_dose_effect,numeric,yes,descriptive_only_not_poolable,independent replication; matched taxon/preparation/stage/outcome/unit; dispersion or variance,No complete cross-study set satisfying the prespecified pooling gates is documented in the frozen extraction; retain as a descriptive result.
P069,absinthium-leishmania,Artemisia absinthium,Leishmania aethiopica; Leishmania donovani,promastigote and axenic amastigote,in vitro inhibition,concentration_or_dose_effect,numeric,yes,descriptive_only_not_poolable,independent replication; matched taxon/preparation/stage/outcome/unit; dispersion or variance,No complete cross-study set satisfying the prespecified pooling gates is documented in the frozen extraction; retain as a descriptive result.
P070,sieberi-malaria,Artemisia sieberi,Plasmodium berghei,in vivo infected mouse,parasitemia and pathophysiology reduction,organismal_efficacy,not_extractable,yes,descriptive_only_not_poolable,independent replication; matched taxon/preparation/stage/outcome/unit; dispersion or variance,No complete cross-study set satisfying the prespecified pooling gates is documented in the frozen extraction; retain as a descriptive result.
P071,khorassanica-malaria,Artemisia khorassanica,Plasmodium berghei,in vivo infected mouse,antiplasmodial activity and pathophysiology reduction,other_or_unresolved,not_extractable,yes,descriptive_only_not_poolable,independent replication; matched taxon/preparation/stage/outcome/unit; dispersion or variance,No complete cross-study set satisfying the prespecified pooling gates is documented in the frozen extraction; retain as a descriptive result.
P072,absinthium-ovine-nematodes,Artemisia absinthium,ovine gastrointestinal nematodes including Haemonchus contortus,adult nematodes in vitro and infected sheep in vivo,adult-worm paralysis/death and fecal egg-count reduction,organismal_efficacy,numeric,yes,descriptive_only_not_poolable,independent replication; matched taxon/preparation/stage/outcome/unit; dispersion or variance,No complete cross-study set satisfying the prespecified pooling gates is documented in the frozen extraction; retain as a descriptive result.
P073,absinthium-wormwood-lambs,Artemisia absinthium,Haemonchus contortus,eggs in vitro and experimentally infected lambs,egg-hatch inhibition and fecal egg-count reduction,concentration_or_dose_effect,numeric,yes,descriptive_only_not_poolable,independent replication; matched taxon/preparation/stage/outcome/unit; dispersion or variance,No complete cross-study set satisfying the prespecified pooling gates is documented in the frozen extraction; retain as a descriptive result.
P074,absinthium-awassi-nematodes,Artemisia absinthium,gastrointestinal nematodes in naturally infected Awassi sheep,ovine in vivo FECRT on days 7 and 15,parasite-load suppression,organismal_efficacy,numeric,yes,descriptive_only_not_poolable,independent replication; matched taxon/preparation/stage/outcome/unit; dispersion or variance,No complete cross-study set satisfying the prespecified pooling gates is documented in the frozen extraction; retain as a descriptive result.
P075,annua-silicon-trichome-toxoplasma-2016,Artemisia annua,Toxoplasma gondii,intracellular tachyzoite growth in HeLa cells,dose-dependent parasite proliferation reduction,other_or_unresolved,numeric,yes,descriptive_only_not_poolable,independent replication; matched taxon/preparation/stage/outcome/unit; dispersion or variance,No complete cross-study set satisfying the prespecified pooling gates is documented in the frozen extraction; retain as a descriptive result.
P076,annua-eimeria-host-response-2018,Artemisia annua,Eimeria tenella,infected chicken coccidiosis and cecal pathology,clinical diarrhea and pathological improvement with apoptosis/inflammatory markers,other_or_unresolved,numeric,yes,descriptive_only_not_poolable,independent replication; matched taxon/preparation/stage/outcome/unit; dispersion or variance,No complete cross-study set satisfying the prespecified pooling gates is documented in the frozen extraction; retain as a descriptive result.
P077,khorassanica-purified-stls-leishmania-2022,Seriphidium khorassanicum (syn. Artemisia khorassanica),Leishmania major,promastigotes and amastigote-infected macrophages,in vitro IC50 and selectivity index,concentration_or_dose_effect,partial_numeric,yes,descriptive_only_not_poolable,independent replication; matched taxon/preparation/stage/outcome/unit; dispersion or variance,No complete cross-study set satisfying the prespecified pooling gates is documented in the frozen extraction; retain as a descriptive result.
P078,annua-plant-matrix-malaria-pk-2025,Artemisia annua,Plasmodium berghei and Plasmodium chabaudi,rodent malaria and host absorption/efflux models,parasitemia response and exposure,organismal_efficacy,not_extractable,yes,descriptive_only_not_poolable,independent replication; matched taxon/preparation/stage/outcome/unit; dispersion or variance,No complete cross-study set satisfying the prespecified pooling gates is documented in the frozen extraction; retain as a descriptive result.
P079,annua-origin-malaria-2014,Artemisia annua,Plasmodium falciparum and hemozoin surrogate,FP inhibition and chromatographic comparison,relative inhibition of beta-haematin formation,surrogate_endpoint,numeric,yes,descriptive_only_not_poolable,independent replication; matched taxon/preparation/stage/outcome/unit; dispersion or variance,No complete cross-study set satisfying the prespecified pooling gates is documented in the frozen extraction; retain as a descriptive result.
P080,artemisia-oil-nanoliposome-mosquito-2023,A. annua; A. dracunculus; A. sieberi,Aedes aegypti and Anopheles stephensi,mosquito larvae,LC50 larvicidal activity,concentration_or_dose_effect,numeric,yes,descriptive_only_not_poolable,independent replication; matched taxon/preparation/stage/outcome/unit; dispersion or variance,No complete cross-study set satisfying the prespecified pooling gates is documented in the frozen extraction; retain as a descriptive result.
P081,annua-oil-monoterpenoid-mite-2025,Artemisia annua,Tetranychus urticae,adult spider mites,24-hour fumigation LC50 and enzyme response,concentration_or_dose_effect,numeric,yes,descriptive_only_not_poolable,independent replication; matched taxon/preparation/stage/outcome/unit; dispersion or variance,No complete cross-study set satisfying the prespecified pooling gates is documented in the frozen extraction; retain as a descriptive result.
P082,vestita-maritima-helminth,Artemisia vestita,Haemonchus contortus,ovine gastrointestinal nematode infection and free-living/infective stages,fecal egg-count reduction and worm survival,organismal_efficacy,numeric,yes,descriptive_only_not_poolable,independent replication; matched taxon/preparation/stage/outcome/unit; dispersion or variance,No complete cross-study set satisfying the prespecified pooling gates is documented in the frozen extraction; retain as a descriptive result.
P083,vestita-maritima-helminth,Artemisia maritima,Haemonchus contortus,ovine gastrointestinal nematode infection and free-living/infective stages,fecal egg-count reduction and worm survival,organismal_efficacy,numeric,yes,descriptive_only_not_poolable,independent replication; matched taxon/preparation/stage/outcome/unit; dispersion or variance,No complete cross-study set satisfying the prespecified pooling gates is documented in the frozen extraction; retain as a descriptive result.
P084,annua-extracts-beta-hematin-2015,Artemisia ciniformis,Plasmodium surrogate,hemozoin surrogate,IC50 and IC90,concentration_or_dose_effect,partial_numeric,yes,descriptive_only_not_poolable,independent replication; matched taxon/preparation/stage/outcome/unit; dispersion or variance,No complete cross-study set satisfying the prespecified pooling gates is documented in the frozen extraction; retain as a descriptive result.
P085,sieberi-artemisinin-leishmania-2013,Artemisia sieberi,Leishmania major,promastigotes and intracellular amastigotes,parasite burden reduction,organismal_efficacy,not_extractable,yes,descriptive_only_not_poolable,independent replication; matched taxon/preparation/stage/outcome/unit; dispersion or variance,No complete cross-study set satisfying the prespecified pooling gates is documented in the frozen extraction; retain as a descriptive result.
P086,aucheri-armeniaca-antimalarial-2014,Artemisia aucheri and Artemisia armeniaca,Plasmodium surrogate,hemozoin surrogate,IC50 and IC90,concentration_or_dose_effect,partial_numeric,yes,descriptive_only_not_poolable,independent replication; matched taxon/preparation/stage/outcome/unit; dispersion or variance,No complete cross-study set satisfying the prespecified pooling gates is documented in the frozen extraction; retain as a descriptive result.
P087,artemisia-ag-nanoparticles-malaria-2020,Artemisia abrotanum,Plasmodium falciparum,parasitized red blood cells,24- and 48-hour parasitemia response,concentration_or_dose_effect,numeric,yes,descriptive_only_not_poolable,independent replication; matched taxon/preparation/stage/outcome/unit; dispersion or variance,No complete cross-study set satisfying the prespecified pooling gates is documented in the frozen extraction; retain as a descriptive result.
P088,artemisia-ag-nanoparticles-malaria-2020,Artemisia arborescens,Plasmodium falciparum,parasitized red blood cells,24- and 48-hour parasitemia response,concentration_or_dose_effect,numeric,yes,descriptive_only_not_poolable,independent replication; matched taxon/preparation/stage/outcome/unit; dispersion or variance,No complete cross-study set satisfying the prespecified pooling gates is documented in the frozen extraction; retain as a descriptive result.
P089,annua-histomonas-negative-2012,Artemisia annua and purified artemisinin,Histomonas meleagridis,in-vitro protozoan clones and in-vivo histomonosis,minimum lethal/IC50 in vitro but no treatment benefit in vivo,concentration_or_dose_effect,numeric,yes,descriptive_only_not_poolable,independent replication; matched taxon/preparation/stage/outcome/unit; dispersion or variance,No complete cross-study set satisfying the prespecified pooling gates is documented in the frozen extraction; retain as a descriptive result.
P090,annua-culex-larvicide-2012,Artemisia annua,Culex quinquefasciatus,late third/early fourth instar mosquito larvae,LC50 and LC90,arthropod_or_worm_lethality,numeric,yes,descriptive_only_not_poolable,independent replication; matched taxon/preparation/stage/outcome/unit; dispersion or variance,No complete cross-study set satisfying the prespecified pooling gates is documented in the frozen extraction; retain as a descriptive result.
P091,annua-culex-larvicide-2012,Artemisia annua,Culex tritaeniorhynchus,late third/early fourth instar mosquito larvae,LC50 and LC90,arthropod_or_worm_lethality,numeric,yes,descriptive_only_not_poolable,independent replication; matched taxon/preparation/stage/outcome/unit; dispersion or variance,No complete cross-study set satisfying the prespecified pooling gates is documented in the frozen extraction; retain as a descriptive result.
P092,annua-whole-plant-resistance-2015,Artemisia annua,Plasmodium yoelii,rodent blood-stage malaria,parasitemia and treatment response,organismal_efficacy,not_extractable,yes,descriptive_only_not_poolable,independent replication; matched taxon/preparation/stage/outcome/unit; dispersion or variance,No complete cross-study set satisfying the prespecified pooling gates is documented in the frozen extraction; retain as a descriptive result.
P093,annua-whole-plant-resistance-2015,Artemisia annua,Plasmodium chabaudi,rodent blood-stage malaria under resistance selection,time to stable resistance,mechanistic_or_exposure,not_extractable,yes,descriptive_only_not_poolable,independent replication; matched taxon/preparation/stage/outcome/unit; dispersion or variance,No complete cross-study set satisfying the prespecified pooling gates is documented in the frozen extraction; retain as a descriptive result.
P094,annua-artemisinin-drug-combinations-1987,Artemisia annua-derived artemisinin,Plasmodium berghei,rodent malaria including susceptible and resistant strains,combination ED90 interaction,concentration_or_dose_effect,numeric,yes,descriptive_only_not_poolable,independent replication; matched taxon/preparation/stage/outcome/unit; dispersion or variance,No complete cross-study set satisfying the prespecified pooling gates is documented in the frozen extraction; retain as a descriptive result.
P095,annua-endophyte-antimalarial-metabolomics-2021,Artemisia annua-associated fungal endophytes,Plasmodium spp.,parasite stage not specified in abstract,in-vitro antimalarial inhibition,concentration_or_dose_effect,numeric,yes,descriptive_only_not_poolable,independent replication; matched taxon/preparation/stage/outcome/unit; dispersion or variance,No complete cross-study set satisfying the prespecified pooling gates is documented in the frozen extraction; retain as a descriptive result.
P096,inculta-schistosomiasis-toxicity-2006,Artemisia inculta,Schistosoma spp.,juvenile and adult worms in infected mice,worm load and ultrastructural response,concentration_or_dose_effect,numeric,yes,descriptive_only_not_poolable,independent replication; matched taxon/preparation/stage/outcome/unit; dispersion or variance,No complete cross-study set satisfying the prespecified pooling gates is documented in the frozen extraction; retain as a descriptive result.
P097,artemisinin-extracellular-heme-2012,Artemisia annua-derived artemisinin,Plasmodium falciparum,blood-stage parasite system,heme-dependent potentiation,other_or_unresolved,not_extractable,yes,descriptive_only_not_poolable,independent replication; matched taxon/preparation/stage/outcome/unit; dispersion or variance,No complete cross-study set satisfying the prespecified pooling gates is documented in the frozen extraction; retain as a descriptive result.
P098,herba-alba-tick-nanoemulsion-2021,Artemisia herba-alba,Hyalomma dromedarii,embryonated tick eggs,LC50,arthropod_or_worm_lethality,numeric,yes,descriptive_only_not_poolable,independent replication; matched taxon/preparation/stage/outcome/unit; dispersion or variance,No complete cross-study set satisfying the prespecified pooling gates is documented in the frozen extraction; retain as a descriptive result.
P099,herba-alba-tick-nanoemulsion-2021,Artemisia herba-alba,Hyalomma dromedarii,larval tick stage,LC50,arthropod_or_worm_lethality,numeric,yes,descriptive_only_not_poolable,independent replication; matched taxon/preparation/stage/outcome/unit; dispersion or variance,No complete cross-study set satisfying the prespecified pooling gates is documented in the frozen extraction; retain as a descriptive result.
P100,herba-alba-tick-nanoemulsion-2021,Artemisia herba-alba,Hyalomma dromedarii,engorged nymph tick stage,LC50,arthropod_or_worm_lethality,numeric,yes,descriptive_only_not_poolable,independent replication; matched taxon/preparation/stage/outcome/unit; dispersion or variance,No complete cross-study set satisfying the prespecified pooling gates is documented in the frozen extraction; retain as a descriptive result.
P101,herba-alba-tick-nanoemulsion-2021,Artemisia herba-alba,Hyalomma dromedarii,unfed adult tick stage,LC50,arthropod_or_worm_lethality,numeric,yes,descriptive_only_not_poolable,independent replication; matched taxon/preparation/stage/outcome/unit; dispersion or variance,No complete cross-study set satisfying the prespecified pooling gates is documented in the frozen extraction; retain as a descriptive result.
P102,artemisia-five-species-anti-insect-2022,Artemisia ordosica,Liposcelis bostrychophila,adult stored-product insect,LD50,concentration_or_dose_effect,numeric,yes,descriptive_only_not_poolable,independent replication; matched taxon/preparation/stage/outcome/unit; dispersion or variance,No complete cross-study set satisfying the prespecified pooling gates is documented in the frozen extraction; retain as a descriptive result.
P103,artemisia-five-species-anti-insect-2022,Artemisia tangutica,Tribolium castaneum,adult stored-product insect,LD50,concentration_or_dose_effect,numeric,yes,descriptive_only_not_poolable,independent replication; matched taxon/preparation/stage/outcome/unit; dispersion or variance,No complete cross-study set satisfying the prespecified pooling gates is documented in the frozen extraction; retain as a descriptive result.
P104,scoparia-altitude-mosquito-2024,Artemisia scoparia,Aedes aegypti,female adult mosquito,repellency duration,other_or_unresolved,numeric,yes,descriptive_only_not_poolable,independent replication; matched taxon/preparation/stage/outcome/unit; dispersion or variance,No complete cross-study set satisfying the prespecified pooling gates is documented in the frozen extraction; retain as a descriptive result.
P105,scoparia-altitude-mosquito-2024,Artemisia scoparia,Aedes aegypti,mosquito larvae,LC50,arthropod_or_worm_lethality,numeric,yes,descriptive_only_not_poolable,independent replication; matched taxon/preparation/stage/outcome/unit; dispersion or variance,No complete cross-study set satisfying the prespecified pooling gates is documented in the frozen extraction; retain as a descriptive result.
P106,vulgaris-gall-mite-2025,Artemisia vulgaris,Aceria pongamiae,mite,72-hour LC50,concentration_or_dose_effect,numeric,yes,descriptive_only_not_poolable,independent replication; matched taxon/preparation/stage/outcome/unit; dispersion or variance,No complete cross-study set satisfying the prespecified pooling gates is documented in the frozen extraction; retain as a descriptive result.
P107,vulgaris-gall-mite-2025,Artemisia vulgaris,Aceria pongamiae,mite,72-hour LC50,concentration_or_dose_effect,numeric,yes,descriptive_only_not_poolable,independent replication; matched taxon/preparation/stage/outcome/unit; dispersion or variance,No complete cross-study set satisfying the prespecified pooling gates is documented in the frozen extraction; retain as a descriptive result.
P108,argyi-essential-oil-insecticidal-2026,Artemisia argyi,Callosobruchus maculatus,insect,reported mortality,arthropod_or_worm_lethality,numeric,yes,descriptive_only_not_poolable,independent replication; matched taxon/preparation/stage/outcome/unit; dispersion or variance,No complete cross-study set satisfying the prespecified pooling gates is documented in the frozen extraction; retain as a descriptive result.
P109,annua-cattle-tick-2011,Artemisia annua,Rhipicephalus annulatus,engorged adult female cattle tick,mortality and egg-laying failure,concentration_or_dose_effect,numeric,yes,descriptive_only_not_poolable,independent replication; matched taxon/preparation/stage/outcome/unit; dispersion or variance,No complete cross-study set satisfying the prespecified pooling gates is documented in the frozen extraction; retain as a descriptive result.
P110,pf-artemisinin-oxidative-stress-2024,Artemisinin/A. annua-derived drug,Plasmodium falciparum,intraerythrocytic blood stages,relative efficacy/IC50 shift,concentration_or_dose_effect,numeric,yes,descriptive_only_not_poolable,independent replication; matched taxon/preparation/stage/outcome/unit; dispersion or variance,No complete cross-study set satisfying the prespecified pooling gates is documented in the frozen extraction; retain as a descriptive result.
P111,pf-artemisinin-proteostasis-resistance-2024,Artemisinin/A. annua-derived drug,Plasmodium falciparum,early ring and asexual blood stages,survival/susceptibility response,mechanistic_or_exposure,numeric,yes,descriptive_only_not_poolable,independent replication; matched taxon/preparation/stage/outcome/unit; dispersion or variance,No complete cross-study set satisfying the prespecified pooling gates is documented in the frozen extraction; retain as a descriptive result.
P112,pf-artemisinin-heme-detox-2021,Artemisinin/A. annua-derived drug,Plasmodium falciparum,hemoglobin-digesting intraerythrocytic parasite context,hemozoin crystallization inhibition,surrogate_endpoint,not_extractable,yes,descriptive_only_not_poolable,independent replication; matched taxon/preparation/stage/outcome/unit; dispersion or variance,No complete cross-study set satisfying the prespecified pooling gates is documented in the frozen extraction; retain as a descriptive result.
P113,pf-peroxide-redox-homeostasis-2022,Artemisinin/A. annua-derived drug,Plasmodium falciparum,intraerythrocytic infected RBC cultures,protein labeling and redox perturbation,mechanistic_or_exposure,not_extractable,yes,descriptive_only_not_poolable,independent replication; matched taxon/preparation/stage/outcome/unit; dispersion or variance,No complete cross-study set satisfying the prespecified pooling gates is documented in the frozen extraction; retain as a descriptive result.
P114,absinthium-trichinella-rats-2008,Artemisia absinthium,Trichinella spiralis,enteral adults and parenteral encapsulated larvae,tissue larval-rate reduction,life_stage_assay,numeric,yes,descriptive_only_not_poolable,independent replication; matched taxon/preparation/stage/outcome/unit; dispersion or variance,No complete cross-study set satisfying the prespecified pooling gates is documented in the frozen extraction; retain as a descriptive result.
P115,dracunculus-anopheles-nanogel-2022,Artemisia dracunculus,Anopheles stephensi,mosquito larvae,LC50 larvicidal activity,concentration_or_dose_effect,numeric,yes,descriptive_only_not_poolable,independent replication; matched taxon/preparation/stage/outcome/unit; dispersion or variance,No complete cross-study set satisfying the prespecified pooling gates is documented in the frozen extraction; retain as a descriptive result.
P116,ludoviciana-fasciola-toxicity-2023,Artemisia ludoviciana subsp. mexicana,Fasciola hepatica,adult flukes and unspecified fasciolicidal endpoints,not recoverable from the PubMed record abstract,other_or_unresolved,not_extractable,yes,descriptive_only_not_poolable,independent replication; matched taxon/preparation/stage/outcome/unit; dispersion or variance,No complete cross-study set satisfying the prespecified pooling gates is documented in the frozen extraction; retain as a descriptive result.
P117,afra-mosquito-biting-negative-2000,Artemisia afra,mosquito vector,mosquito biting,negative repellency result,other_or_unresolved,not_extractable,yes,descriptive_only_not_poolable,independent replication; matched taxon/preparation/stage/outcome/unit; dispersion or variance,No complete cross-study set satisfying the prespecified pooling gates is documented in the frozen extraction; retain as a descriptive result.
P118,annua-plant-matrix-malaria-pk-2025,Artemisia annua,Plasmodium spp. in murine malaria models,murine blood-stage malaria and host exposure,antimalarial efficacy and artemisinin exposure,mechanistic_or_exposure,not_extractable,yes,descriptive_only_not_poolable,independent replication; matched taxon/preparation/stage/outcome/unit; dispersion or variance,No complete cross-study set satisfying the prespecified pooling gates is documented in the frozen extraction; retain as a descriptive result.
P119,absinthium-european-tinctures-2025,Artemisia absinthium,Strongyloides papillosus; Haemonchus contortus,noninvasive/invasive larval stages including L1-2 and L3,larval survivability/nematocidal classification,life_stage_assay,not_extractable,yes,descriptive_only_not_poolable,independent replication; matched taxon/preparation/stage/outcome/unit; dispersion or variance,No complete cross-study set satisfying the prespecified pooling gates is documented in the frozen extraction; retain as a descriptive result.
P120,parthenin-parthenolide-malaria-transmission-2016,Parthenium hysterophorus / non-Artemisia comparator,Plasmodium falciparum and mosquito-stage Plasmodium,sexual and transmission stages,stage-specific inhibition and transmission blocking,other_or_unresolved,not_extractable,yes,descriptive_only_not_poolable,independent replication; matched taxon/preparation/stage/outcome/unit; dispersion or variance,No complete cross-study set satisfying the prespecified pooling gates is documented in the frozen extraction; retain as a descriptive result.
P121,annua-co-metabolite-enhancement-2026,Artemisia annua,Plasmodium falciparum and rodent malaria,rodent/malaria assay context as reported by the indexed study,relative antimalarial activity and combination enhancement,other_or_unresolved,numeric,yes,descriptive_only_not_poolable,independent replication; matched taxon/preparation/stage/outcome/unit; dispersion or variance,No complete cross-study set satisfying the prespecified pooling gates is documented in the frozen extraction; retain as a descriptive result.
P122,annua-discovery-metabolomics-malaria-2022,Artemisia annua,Plasmodium yoelii and A. annua extract fractions,rodent blood-stage malaria,extract/fraction antimalarial activity and candidate metabolite association,other_or_unresolved,numeric,yes,descriptive_only_not_poolable,independent replication; matched taxon/preparation/stage/outcome/unit; dispersion or variance,No complete cross-study set satisfying the prespecified pooling gates is documented in the frozen extraction; retain as a descriptive result.
P123,annua-tea-metabolomics-malaria-2025,Artemisia annua,Plasmodium falciparum 3D7,asexual blood-stage antiplasmodial activity,"tea composition, artemisinin concentration, and IC50 association",concentration_or_dose_effect,numeric,yes,descriptive_only_not_poolable,independent replication; matched taxon/preparation/stage/outcome/unit; dispersion or variance,No complete cross-study set satisfying the prespecified pooling gates is documented in the frozen extraction; retain as a descriptive result.
P124,annua-cadinapyridine-2025,Artemisia annua,Plasmodium falciparum FcB1,"chloroquine-resistant Plasmodium falciparum FcB1 plus Caco-2, VERO, and Thp1 cell-growth assays",in-vitro antiplasmodial and cell-growth inhibition,concentration_or_dose_effect,numeric,yes,descriptive_only_not_poolable,independent replication; matched taxon/preparation/stage/outcome/unit; dispersion or variance,No complete cross-study set satisfying the prespecified pooling gates is documented in the frozen extraction; retain as a descriptive result.
P125,cina-lignan-nematocidal-2023,Artemisia cina,Haemonchus contortus,infective L3 larvae,larval mortality,arthropod_or_worm_lethality,partial_numeric,yes,descriptive_only_not_poolable,independent replication; matched taxon/preparation/stage/outcome/unit; dispersion or variance,No complete cross-study set satisfying the prespecified pooling gates is documented in the frozen extraction; retain as a descriptive result.
P126,annua-haemonchus-gerbil,Artemisia annua; Artemisia absinthium,Haemonchus contortus,infected gerbil model with stomach-worm recovery at day 9; parasites do not progress beyond the fourth larval stage in this model,worm burden,organismal_efficacy,numeric,yes,descriptive_only_not_poolable,independent replication; matched taxon/preparation/stage/outcome/unit; dispersion or variance,No complete cross-study set satisfying the prespecified pooling gates is documented in the frozen extraction; retain as a descriptive result.
P127,annua-haemonchus-sheep-2017,Artemisia annua,Haemonchus contortus and ovine gastrointestinal nematodes,artificially infected Santa Ines sheep; H. contortus isolate; repeated oral whole-plant feeding,fecal-egg-count reduction,organismal_efficacy,partial_numeric,yes,descriptive_only_not_poolable,independent replication; matched taxon/preparation/stage/outcome/unit; dispersion or variance,No complete cross-study set satisfying the prespecified pooling gates is documented in the frozen extraction; retain as a descriptive result.
P128,absinthium-artemisinin-hcontortus-2019,Artemisia absinthium,Haemonchus contortus adult worms,adult H. contortus in vitro,time-to-death,other_or_unresolved,partial_numeric,yes,descriptive_only_not_poolable,independent replication; matched taxon/preparation/stage/outcome/unit; dispersion or variance,No complete cross-study set satisfying the prespecified pooling gates is documented in the frozen extraction; retain as a descriptive result.
P129,maritima-sheep-2026,Artemisia maritima,mixed gastrointestinal nematodes in naturally infected sheep,in vivo naturally infected ovine gastrointestinal nematodes; coproculture identified Haemonchus spp. as predominant genus,fecal-egg-count reduction and hematology,organismal_efficacy,numeric,yes,descriptive_only_not_poolable,independent replication; matched taxon/preparation/stage/outcome/unit; dispersion or variance,No complete cross-study set satisfying the prespecified pooling gates is documented in the frozen extraction; retain as a descriptive result.
P131,annua-eimeria-wiedosari-2017,Artemisia annua,Eimeria tenella,experimental chicken coccidiosis; seven groups of five birds with uninfected and infected untreated controls,"oocyst-excretion inhibition, cecal-lesion score, body-weight gain, packed-cell volume, and hemoglobin",other_or_unresolved,numeric,yes,descriptive_only_not_poolable,independent replication; matched taxon/preparation/stage/outcome/unit; dispersion or variance,No complete cross-study set satisfying the prespecified pooling gates is documented in the frozen extraction; retain as a descriptive result.
P130,cina-periparturient-ewes-2025,Artemisia cina,Haemonchus contortus,infected periparturient ewe model with fecal cultures,EPG and infective-larval reduction,organismal_efficacy,partial_numeric,yes,descriptive_only_not_poolable,independent replication; matched taxon/preparation/stage/outcome/unit; dispersion or variance,No complete cross-study set satisfying the prespecified pooling gates is documented in the frozen extraction; retain as a descriptive result.
P132,herba-alba-heterakis-turkey-2011,Artemisia herba-alba,Heterakis gallinarum,experimentally infected turkey poults; H. gallinarum egg and adult-worm endpoints,"fecal egg count, worm burden, growth performance, biochemical measures, and liver histopathology",concentration_or_dose_effect,numeric,yes,descriptive_only_not_poolable,independent replication; matched taxon/preparation/stage/outcome/unit; dispersion or variance,No complete cross-study set satisfying the prespecified pooling gates is documented in the frozen extraction; retain as a descriptive result.
P133,stl-leishmania-oxidative-2013,Artemisia douglassiana-associated sesquiterpene lactones,Leishmania mexicana,promastigote in vitro,"proliferation; reduced glutathione blocked or reversed the antiproliferative effect of DhL, Mxc, and Psi; all except Psi C decreased endogenous parasite glutathione, and active lactones increased ROS generation 2.7- to 5.4-fold",concentration_or_dose_effect,numeric,yes,descriptive_only_not_poolable,independent replication; matched taxon/preparation/stage/outcome/unit; dispersion or variance,No complete cross-study set satisfying the prespecified pooling gates is documented in the frozen extraction; retain as a descriptive result.
